date,carbune,consum,hidro,hidrocarburi,nuclear,eolian,productie,fotovolt,biomasa,stocare,sold
2025-10-01 08:08:38,1017,6740,1444,1263,1359,146,5484,80,51,122,1256
2025-09-30 20:38:08,1026,7344,1916,1338,1360,254,6051,-3,49,108,1293
2025-09-30 09:09:26,1036,6711,1242,1328,1353,231,5712,337,46,137,998
2025-09-29 21:38:29,967,6999,1892,1353,1366,23,5650,-4,48,2,1348
2025-09-29 10:08:28,870,6831,1052,1296,1296,218,5113,296,39,43,1718
2025-09-28 22:38:15,824,5361,1481,1245,1371,488,5446,-4,36,3,-85
2025-09-28 11:09:32,606,3828,559,544,1370,50,4282,1101,37,12,-454
2025-09-27 23:38:28,666,5144,1020,835,1372,260,4190,-4,37,0,954
2025-09-27 12:08:19,570,4569,556,652,1370,682,4869,997,39,0,-300
2025-09-27 00:38:30,666,5236,1126,1237,1353,550,5132,-3,38,162,103
2025-09-26 13:08:13,651,5670,725,1020,1351,1168,5709,753,38,0,-38
2025-09-26 01:39:43,640,5042,850,1217,1354,1333,5445,-3,44,9,-402
2025-09-25 14:08:20,860,6173,910,1132,1281,1606,6526,658,49,26,-352
2025-09-25 02:25:23,794,5045,879,1044,1359,1947,6069,-4,46,1,-1023
2025-09-24 14:55:34,928,5244,696,1000,1350,100,5511,1350,43,41,-267
2025-09-24 01:25:15,790,5252,1024,1208,1360,224,4647,-4,36,6,604
2025-09-23 13:38:20,723,4556,612,889,1333,53,5272,1620,39,1,-716
2025-09-23 01:08:19,762,5162,925,1202,1353,660,4966,-5,41,25,196
2025-09-22 13:39:24,522,4609,582,843,1336,688,5623,1607,43,0,-1014
2025-09-22 02:08:07,529,4537,915,1161,1355,551,4544,-5,35,0,-7
2025-09-21 14:26:35,506,3643,481,299,1358,278,3894,937,38,0,-251
2025-09-21 02:55:24,545,4687,945,365,1351,82,3331,-4,39,5,1356
2025-09-20 15:25:20,544,4389,573,318,1353,614,4281,831,42,4,108
2025-09-20 03:55:09,567,4824,1006,1075,1349,607,4643,-4,39,1,181
2025-09-19 16:25:16,761,5522,743,857,1344,701,5391,940,42,0,131
2025-09-19 04:55:35,723,5050,875,1160,1352,1253,5486,-4,40,83,-435
2025-09-18 17:25:34,750,5600,967,921,1295,2021,6736,736,42,1,-1135
2025-09-18 05:55:17,875,5247,834,926,1298,2088,6064,-3,40,4,-817
2025-09-17 18:25:24,881,6369,1644,1202,1289,1109,6402,201,43,29,-32
2025-09-17 06:55:38,932,5872,953,1161,1293,576,5033,0,39,76,838
2025-09-16 19:25:29,1027,6851,1852,1238,1289,187,5669,6,42,24,1181
2025-09-16 07:55:10,883,6201,1451,1184,1291,382,5472,193,40,44,729
2025-09-15 20:25:34,925,7253,1951,1290,1328,32,5638,-1,42,67,1614
2025-09-15 08:30:18,862,6221,1421,1118,1335,31,5259,399,41,48,962
2025-09-14 12:29:38,884,3836,399,647,1336,1181,5752,1262,40,0,-1916
2025-09-14 00:59:12,729,5031,1099,714,1335,1036,4953,-5,42,1,78
2025-09-13 12:30:33,791,4812,387,637,1337,541,4803,991,42,73,8
2025-09-13 00:59:23,751,5488,1046,1214,1337,503,4901,-4,51,0,587
2025-09-12 13:30:37,771,6233,799,921,1302,224,4920,846,48,5,1312
2025-09-12 01:55:28,783,5343,763,1202,1338,171,4308,-5,47,6,1035
2025-09-11 14:25:14,786,6295,788,1179,1310,478,5293,662,46,41,1002
2025-09-11 02:55:14,764,5221,744,1178,1342,504,4575,-3,45,0,645
2025-09-10 15:25:37,908,5964,961,1074,1327,382,5551,836,47,11,413
2025-09-10 03:55:23,754,5165,762,1202,1343,130,4230,-4,41,0,934
2025-09-09 16:25:10,903,6133,1022,1084,1338,163,5465,910,42,0,668
2025-09-09 04:55:28,877,5199,808,1179,1350,170,4426,-4,39,4,773
2025-09-08 17:25:17,815,6073,1133,1128,1267,305,5383,680,39,11,689
2025-09-08 05:47:30,493,4864,821,1042,1342,628,4373,-5,50,0,490
2025-09-07 18:16:14,462,5465,1113,725,1340,480,4461,288,50,0,1004
2025-09-07 06:46:32,454,4643,881,605,1339,740,4132,-3,51,62,510
2025-09-06 19:08:38,524,6303,1494,626,1336,520,4674,88,54,28,1628
2025-09-06 07:38:36,507,5214,938,1047,1341,410,4469,113,47,64,744
2025-09-05 19:59:31,788,7214,1857,1022,1326,499,5650,30,49,76,1563
2025-09-05 08:29:18,811,6185,1423,1047,1341,344,5668,561,48,89,517
2025-09-04 20:59:34,867,7558,1946,1137,1328,484,5882,-2,48,71,1676
2025-09-04 09:29:19,759,6173,956,1013,1300,261,5332,981,44,14,841
2025-09-03 21:47:15,879,7292,1984,1060,1331,440,5740,-3,47,1,1551
2025-09-03 10:17:10,828,5875,878,816,1335,-1,5184,1279,43,3,691
2025-09-02 22:47:32,756,6537,1799,1059,1338,152,5149,-3,47,0,1387
2025-09-02 11:17:12,845,5425,634,793,1321,501,5639,1500,43,0,-214
2025-09-01 23:47:25,696,5857,1530,1136,1339,1038,5784,-3,43,1,73
2025-09-01 12:17:08,615,5483,886,922,1303,623,5706,1303,46,4,-223
2025-09-01 00:46:19,547,4930,1060,1204,1349,1109,5320,-5,46,7,-389
2025-08-31 13:17:10,607,4942,693,439,1340,757,4342,456,48,0,600
2025-08-31 01:47:28,605,4928,894,476,1343,734,4102,-4,47,5,826
2025-08-30 14:17:26,604,4481,574,477,1346,166,4342,1126,45,0,139
2025-08-30 02:17:16,619,5136,875,1308,1347,121,4315,-3,45,0,820
2025-08-29 14:46:08,723,4682,542,1079,1303,284,5682,1700,42,5,-999
2025-08-29 03:17:15,752,5167,753,1301,1350,277,4476,-5,45,0,690
2025-08-28 15:46:24,827,5109,552,1045,1317,648,6055,1622,58,2,-946
2025-08-28 04:17:13,806,5052,873,1326,1338,73,4472,-4,56,4,579
2025-08-27 16:47:27,750,5319,819,1030,1299,515,5794,1226,54,97,-474
2025-08-27 05:17:26,749,5136,754,1288,1344,108,4293,-4,53,0,843
2025-08-26 17:46:31,761,5731,955,1296,1321,120,5429,908,55,11,301
2025-08-26 06:17:14,764,5361,906,1314,1344,303,4686,-4,55,2,674
2025-08-25 18:47:13,717,6228,1441,1314,1341,383,5703,358,56,89,524
2025-08-25 06:59:15,610,5298,1042,1341,1333,379,4791,25,52,6,507
2025-08-24 19:29:14,633,5458,1575,728,1334,893,5287,75,45,0,171
2025-08-24 07:55:07,574,4586,898,505,1333,147,3747,232,39,16,838
2025-08-23 20:25:20,604,6281,1793,576,1332,312,4745,-1,39,89,1535
2025-08-23 08:55:31,552,5265,802,494,1331,1541,5131,358,40,10,133
2025-08-22 21:25:38,689,6924,1608,1158,1323,1593,6415,-2,42,1,508
2025-08-22 09:55:35,756,6351,696,1294,1280,1938,6659,667,25,0,-308
2025-08-21 22:25:36,740,6604,1729,1259,1316,1623,6698,-3,31,1,-93
2025-08-21 10:56:18,766,5593,843,1198,1318,87,5591,1339,29,7,2
2025-08-20 23:18:10,739,6020,1317,1361,1320,1135,5908,-3,29,7,111
2025-08-20 08:38:14,747,5878,962,1324,1333,104,5189,612,23,80,689
2025-08-19 20:59:33,900,7119,1948,1360,1328,186,5846,6,21,93,1272
2025-08-19 09:29:12,702,6131,808,1177,1320,414,4973,538,12,0,1157
2025-08-18 21:56:29,759,6731,1841,1193,1315,1191,6359,-2,10,49,371
2025-08-18 10:26:29,836,5973,781,1098,1269,745,5466,721,11,1,507
2025-08-17 22:55:29,733,5723,1536,1270,1324,283,5203,-4,7,51,519
2025-08-17 11:25:09,832,4099,662,1053,1322,0,5048,1162,14,0,-949
2025-08-16 23:47:38,749,5670,1251,1287,1328,238,4884,-3,26,6,785
2025-08-16 12:17:24,842,4453,636,1175,1324,222,5518,1283,28,6,-1064
2025-08-16 00:39:15,734,5263,1294,1299,1322,274,4953,-4,28,0,309
2025-08-15 13:10:35,810,4160,548,1084,1319,281,5399,1322,32,0,-1238
2025-08-15 01:39:09,745,5379,1000,1302,1324,78,4484,-4,34,2,895
2025-08-14 14:08:29,801,5349,721,1023,1297,361,5803,1567,31,0,-454
2025-08-14 01:46:32,772,5369,1063,1329,1323,94,4663,-6,30,55,705
2025-08-13 10:00:26,745,5519,1039,1205,1271,157,5528,1079,30,0,-8
2025-08-12 22:25:34,800,6752,2006,1361,1323,261,5779,-5,29,2,972
2025-08-12 09:55:21,625,5627,1085,1186,1268,526,5675,939,28,0,-48
2025-08-11 22:27:35,580,6841,2043,1275,1271,936,6124,-4,22,0,717
2025-08-11 10:41:04,723,5678,1073,953,1246,431,5783,1324,21,8,-104
2025-08-10 22:56:28,831,6247,1919,1244,1274,734,6021,-5,23,0,225
2025-08-10 11:19:11,728,4162,831,687,1268,91,4501,838,21,33,-338
2025-08-09 23:39:31,702,5916,1814,905,1271,361,5073,-6,18,6,842
2025-08-09 11:56:24,726,4778,849,697,1267,-10,4613,1049,32,0,164
2025-08-09 00:25:15,658,5745,1618,883,1264,25,4473,-5,28,0,1272
2025-08-08 12:55:17,678,4994,942,697,1274,408,5606,1571,30,3,-611
2025-08-07 10:59:13,681,5257,982,681,1244,1802,6500,1068,38,0,-1243
2025-08-06 22:27:10,886,6951,2159,619,1297,322,5327,-4,43,3,1623
2025-08-06 10:25:17,820,5679,1142,455,1261,75,4846,1032,41,16,832
2025-08-05 22:17:35,763,7169,1961,1314,1301,308,5716,-4,59,13,1453
2025-08-05 10:19:11,755,5833,1173,1132,1265,135,5518,974,56,26,315
2025-08-04 21:57:17,861,7232,2216,1214,1305,383,6097,-3,59,50,1134
2025-08-04 08:56:54,732,5994,1662,904,1328,45,5481,703,57,48,513
2025-08-03 19:48:55,759,6210,1947,858,1335,330,5410,94,55,27,800
2025-08-03 06:50:18,537,4640,1281,549,1331,382,4240,35,50,71,399
2025-08-02 17:49:18,777,5741,1127,597,1316,244,4871,604,56,148,869
2025-08-02 05:00:26,717,5072,1321,1119,1328,110,4647,-6,56,0,424
2025-08-01 16:10:06,886,5486,1290,873,1320,189,5684,1066,55,1,-197
2025-08-01 04:00:05,958,5314,1408,1152,1322,191,5083,-6,55,0,230
2025-07-31 15:30:10,961,6055,1096,1068,1233,81,5440,925,57,15,615
2025-07-31 03:18:10,876,5378,1175,1162,1322,705,5290,-6,55,0,87
2025-07-30 15:38:17,1153,5873,812,906,1304,609,5929,1088,54,0,-56
2025-07-30 03:37:52,1172,5290,852,1153,1316,602,5143,-6,51,0,146
2025-07-29 13:29:56,1194,5520,718,1045,0,159,4053,833,55,48,1467
2025-07-29 02:00:08,1090,5829,1132,1056,1316,993,5634,-6,51,0,195
2025-07-28 14:30:04,962,6578,680,982,1293,23,5424,1424,54,4,1154
2025-07-28 03:00:16,901,5301,745,1144,1318,400,4550,-6,38,8,751
2025-07-27 15:29:53,984,5459,555,634,1316,1076,5689,1034,49,36,-230
2025-07-27 03:59:58,883,5399,775,1082,1325,457,4558,-6,36,3,841
2025-07-26 16:29:52,978,6420,761,976,1314,547,5743,1107,56,0,677
2025-07-26 05:00:20,870,5630,812,1111,1317,574,4738,-5,57,0,892
2025-07-25 17:29:52,876,7291,1350,961,1287,1019,6380,826,58,0,910
2025-07-25 06:00:17,959,5864,1100,1113,1314,151,4724,-1,56,29,1139
2025-07-24 18:30:02,878,7564,1735,1077,1302,453,6110,581,62,20,1454
2025-07-24 07:00:02,901,6175,1155,1113,1319,141,4792,82,58,21,1382
2025-07-23 19:30:23,1029,7765,1880,1161,1322,256,6037,228,65,93,1728
2025-07-23 08:00:00,890,6388,1603,1110,1332,652,6148,388,58,110,240
2025-07-22 20:30:15,915,7606,2006,1060,1328,476,5960,40,61,70,1646
2025-07-22 07:38:34,954,6486,1686,1147,1329,185,5696,203,58,129,790
2025-07-21 19:49:06,989,7726,2002,1176,1319,740,6509,174,60,46,1216
2025-07-21 07:48:23,735,5905,1558,1123,1328,218,5480,372,59,84,424
2025-07-20 19:57:23,735,6049,1654,617,1328,249,4743,83,54,18,1306
2025-07-20 08:01:21,706,4598,960,328,1325,11,3662,280,49,0,935
2025-07-19 19:56:09,766,6322,1630,377,1327,265,4578,91,56,62,1743
2025-07-19 08:00:18,736,5237,890,739,1325,14,4086,330,49,0,1151
2025-07-18 20:00:44,996,6678,1855,767,1324,423,5606,92,50,96,1072
2025-07-18 08:18:36,894,6107,1430,661,1328,1460,6426,514,47,89,-318
2025-07-17 20:31:08,1031,7227,1713,695,1310,822,5688,20,53,41,1538
2025-07-17 08:59:20,873,6393,1267,575,1312,138,5056,782,61,44,1336
2025-07-16 21:29:57,921,7434,1776,1059,1319,879,6105,-2,58,94,1328
2025-07-16 09:08:32,896,6638,1370,1088,1291,7,5507,786,53,12,1130
2025-07-15 21:30:01,984,7672,2086,1300,1314,192,6042,-3,61,105,1630
2025-07-15 10:00:16,883,6616,858,1177,1297,199,5377,908,52,0,1238
2025-07-14 22:29:57,986,7367,2103,1354,1314,112,5987,-3,49,70,1379
2025-07-14 11:00:16,746,6137,969,1193,1270,-5,5470,1248,48,0,667
2025-07-13 23:30:15,750,5848,1567,1286,1333,187,5172,-5,43,8,676
2025-07-13 12:00:01,807,4038,456,669,1330,45,4668,1308,50,0,-630
2025-07-13 00:30:21,751,5529,1465,817,1334,307,4719,-5,48,0,809
2025-07-12 13:00:07,841,4634,475,659,1332,66,4697,1264,48,8,-62
2025-07-12 01:39:09,805,5493,1387,775,1333,362,4709,-5,49,1,784
2025-07-11 14:07:55,750,5684,468,1069,1301,54,4877,1171,46,14,807
2025-07-11 02:38:16,709,5377,760,1266,1330,1006,5117,-4,48,0,259
2025-07-10 15:07:53,836,5954,449,1104,1265,710,5495,1073,47,7,459
2025-07-10 03:39:14,757,5391,781,1271,1323,1772,5960,-5,56,3,-569
2025-07-09 16:17:20,802,7093,888,1016,1304,1367,6015,579,56,0,1078
2025-07-09 04:47:10,817,5735,768,1250,1326,736,4987,-4,57,35,747
2025-07-08 17:17:59,666,7355,1020,1198,1301,1312,6402,821,56,25,952
2025-07-08 05:47:16,610,5716,785,1244,1329,619,4639,-2,52,0,1077
2025-07-07 18:17:37,628,7550,1708,1195,1295,1693,7198,617,60,0,351
2025-07-07 06:47:27,641,5777,1074,1107,1323,715,4996,83,49,0,781
2025-07-06 19:18:33,552,6555,1578,724,1314,1302,5939,241,48,176,615
2025-07-06 07:55:39,688,4914,805,296,1322,350,3914,325,47,78,1000
2025-07-05 20:25:53,894,7002,1699,666,1323,470,5166,51,48,11,1835
2025-07-05 08:46:55,876,5408,729,654,1322,660,4961,656,47,12,447
2025-07-04 21:17:39,1093,7894,2052,1152,1312,594,6328,-2,56,69,1566
2025-07-04 09:39:22,1056,6192,901,1123,1309,6,5675,1221,51,4,516
2025-07-03 22:08:32,1091,7624,1804,1251,1315,435,5952,-4,56,2,1672
2025-07-03 10:38:21,1081,5099,797,842,1376,291,5644,1218,33,2,-544
2025-07-02 23:08:36,1065,6717,1607,1236,1334,634,5965,-2,53,34,751
2025-07-02 11:39:19,1038,5340,577,865,1296,359,5958,1698,46,76,-618
2025-07-02 00:00:09,1076,6215,1629,1136,1329,619,5838,-5,52,0,377
2025-07-01 12:29:58,748,5302,712,762,1271,511,5852,1688,50,108,-550
2025-07-01 01:00:15,874,5781,1722,1111,1328,1038,6123,-6,53,0,-342
2025-06-30 13:09:35,800,6273,598,843,1322,856,5936,1471,42,0,337
2025-06-30 01:46:52,807,5217,983,1152,1324,718,5025,-6,46,0,191
2025-06-29 14:17:33,750,4384,454,261,1330,1576,5192,764,40,15,-808
2025-06-29 02:47:07,714,5137,945,323,1332,1592,4939,-6,34,4,197
2025-06-28 15:17:31,837,5635,647,285,1313,1155,5175,892,35,8,460
2025-06-28 03:46:23,843,5556,1039,1121,1281,334,4663,-4,35,0,893
2025-06-27 16:17:11,745,6870,1121,805,1004,1193,6026,1102,37,16,844
2025-06-27 04:47:20,894,5708,1588,1142,645,236,4555,-4,38,13,1152
2025-06-26 17:17:34,937,7026,1414,1034,573,332,5429,1080,26,30,1597
2025-06-26 05:39:19,882,5533,1063,1148,639,795,4577,0,46,0,956
2025-06-25 18:09:19,886,7050,2017,1057,934,456,6245,827,47,4,804
2025-06-25 02:51:08,850,5573,1592,1174,656,789,5110,-5,52,0,462
2025-06-24 11:33:40,736,5495,599,754,649,733,4982,1468,40,0,513
2025-06-23 20:41:02,887,7364,2207,1179,645,335,5401,40,48,56,1962
2025-06-23 05:56:53,612,4900,1008,1229,647,689,4244,7,41,8,655
2025-06-22 18:07:51,588,5087,1113,415,643,363,3838,672,41,0,1249
2025-06-22 06:38:34,608,4556,1026,416,652,28,2847,69,43,1,1709
2025-06-21 19:07:55,622,5821,1771,400,656,520,4322,296,34,19,1498
2025-06-21 07:38:27,797,5167,1183,954,655,587,4514,286,47,0,653
2025-06-20 20:08:04,888,6887,2187,1188,655,248,5346,97,51,29,1541
2025-06-20 08:38:21,832,6247,1799,1187,656,2074,7261,659,51,0,-1013
2025-06-19 21:08:04,985,7413,2191,1217,646,326,5505,4,55,78,1907
2025-06-19 09:00:21,861,6043,1324,846,649,116,4892,1004,54,36,1150
2025-06-18 21:29:43,998,7430,2303,1272,646,40,5455,-1,53,142,1974
2025-06-18 10:00:01,872,5791,1305,874,631,193,5173,1240,52,1,618
2025-06-17 22:29:57,975,6950,2075,1175,657,618,5635,-4,57,81,1314
2025-06-17 10:46:49,841,5601,1402,814,654,388,5702,1566,52,1,-101
2025-06-16 23:16:56,868,6342,1783,1259,647,213,4850,-3,55,25,1492
2025-06-16 11:38:26,541,4995,1228,779,620,578,5587,1776,57,3,-591
2025-06-16 00:08:32,640,5054,1654,1237,660,533,4801,-3,47,31,252
2025-06-15 12:38:41,527,3561,1195,331,661,721,4669,1143,48,40,-1108
2025-06-15 01:08:14,594,5011,1362,410,659,1028,4149,-4,49,48,861
2025-06-14 13:38:16,858,4586,1181,343,659,708,4977,1132,50,43,-391
2025-06-14 02:08:25,863,5293,1513,420,658,1183,4685,-4,50,0,608
2025-06-13 09:08:32,842,5801,1575,785,650,78,5036,1042,58,2,765
2025-06-12 21:38:36,926,7146,2137,1286,648,138,5246,-3,54,58,1900
2025-06-12 09:17:04,757,5702,1637,860,654,827,5836,1023,54,20,-134
2025-06-11 21:47:01,917,7216,2294,1285,644,655,5974,-3,57,123,1242
2025-06-11 10:18:16,757,5532,1502,1173,605,40,5428,1289,42,18,103
2025-06-10 22:47:11,856,6447,2171,1324,642,74,5108,-4,41,1,1339
2025-06-10 11:08:53,588,5469,1510,357,657,1102,5464,1206,41,0,5
2025-06-09 23:37:49,612,5294,2011,435,659,1215,4992,-4,40,21,302
2025-06-09 10:47:12,626,4418,1518,352,660,90,4235,947,38,0,183
2025-06-08 23:17:11,552,5370,2430,412,659,851,4992,-4,43,46,378
2025-06-08 11:46:50,543,3725,1377,330,661,277,4232,997,44,0,-506
2025-06-08 00:16:51,612,5355,2117,427,658,870,4726,-4,44,0,628
2025-06-07 12:46:59,627,4488,1640,350,661,234,5010,1451,44,0,-521
2025-06-07 01:17:06,803,5359,2107,1228,660,647,5490,-4,46,0,-130
2025-06-06 13:46:59,845,5695,1905,836,632,468,6373,1628,45,11,-678
2025-06-06 02:17:13,852,5394,2069,1257,663,843,5729,-4,47,0,-335
2025-06-05 14:47:17,792,5598,1951,941,640,566,6700,1763,45,0,-1101
2025-06-05 03:17:04,830,5217,2092,1213,665,150,4996,-5,49,0,221
2025-06-04 15:47:05,820,5692,2003,1030,657,105,6017,1342,50,7,-325
2025-06-04 04:16:49,754,5200,2017,1209,665,492,5186,-4,51,0,14
2025-06-03 16:47:17,847,5377,1951,345,665,571,5672,1200,49,41,-294
2025-06-03 05:16:54,851,5082,2095,464,664,102,4209,-3,32,3,872
2025-06-02 17:46:51,752,5745,2020,362,653,146,5015,1021,35,23,730
2025-06-02 06:17:19,578,4915,2178,447,668,121,4062,32,31,2,853
2025-06-01 18:47:02,591,4856,2044,415,664,48,4125,300,32,29,730
2025-06-01 07:17:06,523,4057,1797,340,667,354,3898,167,33,14,159
2025-05-31 19:46:53,600,5742,2492,441,664,404,4785,120,32,28,956
2025-05-31 06:00:21,621,4753,2115,407,661,1018,4886,6,33,23,-133
2025-05-30 18:30:19,760,5856,2291,401,665,900,5522,458,40,2,334
2025-05-30 06:17:15,777,5346,1860,410,668,1225,5008,10,33,21,338
2025-05-29 18:47:06,848,6218,2384,400,653,87,4724,266,35,49,1493
2025-05-29 07:17:01,847,5915,2241,1195,670,110,5326,184,33,42,588
2025-05-28 19:46:54,809,6846,2651,1147,657,554,5983,104,33,25,863
2025-05-28 07:59:56,840,6283,2370,1211,673,992,6466,255,34,87,-183
2025-05-27 20:29:49,716,6836,2414,1231,671,1280,6421,24,32,50,414
2025-05-27 09:00:28,685,6251,1861,1217,673,829,5845,494,37,45,406
2025-05-26 21:29:58,869,6943,2443,1302,651,858,6237,-4,32,82,706
2025-05-26 09:59:59,582,6397,2234,394,624,457,4885,555,35,0,1511
2025-05-25 09:47:08,500,4961,1296,288,666,767,3924,352,35,18,1036
2025-05-24 22:17:41,593,6004,2000,366,662,470,4218,-3,43,86,1785
2025-05-24 10:47:26,541,5067,1504,290,656,23,3856,794,44,1,1210
2025-05-23 23:17:39,763,5924,2054,1229,659,266,5035,-4,49,16,889
2025-05-23 10:47:06,682,5541,1801,1118,648,105,5556,1151,48,0,-14
2025-05-22 23:16:53,672,5944,1850,1092,653,1319,5642,-5,49,9,301
2025-05-22 10:38:29,732,5583,1763,859,628,468,5576,1079,42,0,7
2025-05-21 23:08:50,730,5934,2011,1215,659,1098,5839,-4,38,84,95
2025-05-21 11:39:09,607,4817,1352,787,660,45,4945,1455,34,1,-127
2025-05-21 00:08:30,778,5677,1765,1213,664,107,4569,-3,42,0,1108
2025-05-20 12:38:34,735,4702,785,786,671,1290,5813,1485,43,15,-1111
2025-05-20 01:07:59,863,5370,1601,1155,660,774,5094,-4,43,0,275
2025-05-19 13:30:13,572,5436,1226,193,627,2052,5819,1104,43,0,-382
2025-05-19 01:59:57,589,4716,1696,301,659,848,4127,-6,38,0,589
2025-05-18 14:29:25,423,3611,1092,149,666,614,3998,1027,35,0,-387
2025-05-18 03:00:05,598,4838,1614,229,662,442,3581,-5,39,0,1256
2025-05-17 14:39:09,565,5350,1337,154,663,1155,4603,682,44,0,747
2025-05-17 03:08:06,564,5160,1498,950,661,668,4382,-4,42,0,778
2025-05-16 15:39:18,844,6182,1529,803,653,722,5100,494,47,5,1081
2025-05-16 03:07:56,817,5185,1237,1054,663,1866,5689,-4,42,12,-503
2025-05-15 15:16:50,833,4677,1108,660,640,1353,5991,1327,45,21,-1313
2025-05-15 03:46:54,969,5135,1612,1107,669,767,5167,-3,43,0,-31
2025-05-14 16:08:19,791,5295,1222,773,647,331,4834,1027,40,0,461
2025-05-14 04:38:12,878,5210,1617,1076,672,159,4438,-5,37,0,771
2025-05-13 17:08:24,805,5478,1483,798,671,109,4832,922,42,0,645
2025-05-13 00:47:22,634,5487,1884,1046,664,232,4497,-3,39,0,990
2025-05-12 07:30:11,610,6003,2054,462,673,548,4635,214,35,34,1367
2025-05-11 19:59:23,581,5695,2051,276,663,796,4513,42,36,65,1182
2025-05-11 08:30:20,537,4495,1228,177,1272,145,3837,408,39,27,658
2025-05-10 21:01:56,654,6691,2133,286,1374,339,4957,-3,40,132,1733
2025-05-10 04:16:49,647,5160,1417,261,1372,284,4036,-4,42,0,1123
2025-05-09 12:30:03,558,5282,1104,994,1356,1112,6313,1141,45,0,-1030
2025-05-08 19:25:53,624,6851,2181,1160,1358,478,5920,57,44,0,931
2025-05-08 04:38:18,643,5074,1376,1039,1362,295,4762,-4,45,0,312
2025-05-07 13:56:34,549,5466,1449,883,1328,462,5718,1002,39,0,-252
2025-05-06 22:25:20,605,6452,2058,1056,1367,324,5461,-2,46,0,991
2025-05-06 04:39:12,585,5067,1333,650,1362,321,4286,-5,37,0,781
2025-05-05 14:47:03,575,5471,1809,587,1296,333,5683,1036,43,0,-212
2025-05-04 23:38:13,589,5159,1393,326,1378,1553,5275,-4,37,0,-116
2025-05-04 06:55:45,425,4435,897,235,1377,1240,4280,46,40,0,155
2025-05-03 14:26:13,433,3959,1017,189,1379,1050,5134,1025,39,0,-1175
2025-05-02 17:08:39,436,4708,1040,184,1364,268,4259,923,41,0,449
2025-05-02 03:39:13,457,4747,1220,250,1378,2081,5425,-4,41,0,-678
2025-05-01 12:00:04,461,4269,1453,182,1328,162,4629,1001,39,0,-359
2025-04-30 16:26:07,514,4922,1119,195,1366,57,4170,878,39,0,752
2025-04-29 23:38:15,523,5866,1637,272,1364,415,4252,-4,43,0,1613
2025-04-29 03:08:10,538,5146,1306,277,1370,180,3702,-4,35,0,1443
2025-04-28 11:26:11,552,4874,1118,214,1334,131,5018,1624,42,0,-144
2025-04-27 18:26:03,564,5107,1445,288,1370,209,4249,334,36,0,857
2025-04-27 05:26:18,582,4710,1186,270,1368,1533,4973,-5,36,0,-263
2025-04-26 14:47:29,553,4902,923,211,1374,1253,5127,773,38,0,-224
2025-04-26 01:17:35,567,5185,987,274,1378,960,4199,-4,36,0,985
2025-04-25 03:39:17,578,5016,1288,680,1361,14,3958,-4,38,0,1058
2025-04-24 04:17:19,561,4985,1293,678,1366,30,3963,-4,36,0,1022
2025-04-23 11:59:37,539,4870,1381,626,1332,-7,5139,1216,44,0,-269
2025-04-22 18:27:12,482,5819,1812,551,1379,479,5018,270,42,0,801
2025-04-22 01:25:17,241,4376,1152,214,1380,403,3429,-3,39,0,946
2025-04-21 08:46:11,230,3642,1023,199,1378,1,3345,457,41,0,297
2025-04-20 14:56:13,222,2511,274,178,1379,7,2774,675,38,0,-263
2025-04-20 01:13:09,274,4613,1279,233,1377,8,3218,-4,39,0,1395
2025-04-19 10:17:01,261,5455,1582,221,1380,249,4296,563,38,0,1159
2025-04-18 17:47:03,502,5301,1636,240,1370,1149,5334,383,40,0,-33
2025-04-18 03:08:15,459,4973,1264,246,1367,1272,4653,-3,46,0,320
2025-04-17 12:47:05,533,5068,1168,226,1360,1675,6525,1511,47,0,-1457
2025-04-16 19:59:59,756,7058,2340,436,1355,1814,6759,9,42,0,299
2025-04-16 05:27:18,742,5725,1228,482,1381,1514,5391,-4,47,0,333
2025-04-15 15:38:14,796,6841,1614,470,1376,1480,6230,457,34,0,610
2025-04-15 01:55:17,785,5559,1287,486,1370,1743,5716,-3,46,0,-157
2025-04-14 11:59:56,604,6592,1602,491,1314,1487,6195,639,45,0,397
2025-04-13 22:59:52,523,5820,1878,477,1377,1319,5617,-4,45,0,203
2025-04-13 06:08:09,615,5366,1461,528,1374,93,4117,-3,45,0,1248
2025-04-12 17:00:15,799,5763,1278,451,1367,1001,5405,462,42,0,357
2025-04-12 04:47:18,862,5708,1355,494,1376,1076,5210,-4,49,0,498
2025-04-11 15:01:01,837,6632,1268,413,1332,1851,6490,739,47,0,141
2025-04-11 01:54:59,871,6044,1305,556,1375,2583,6729,-4,40,0,-685
2025-04-10 12:08:10,790,6754,1851,557,1294,1452,6890,895,48,0,-136
2025-04-09 22:30:05,1007,7065,2226,608,1363,208,5463,-3,52,0,1601
2025-04-09 05:56:07,896,6223,1673,549,1373,673,5218,-3,48,0,1005
2025-04-08 12:17:17,773,5946,1577,512,1370,387,5919,1245,52,0,26
2025-04-07 21:09:11,1062,7969,2796,652,1368,220,6146,-3,47,0,1823
2025-04-07 05:10:11,786,5591,1726,555,1384,698,5185,-4,39,0,405
2025-04-06 16:17:50,760,5293,1332,454,1368,672,5074,437,39,0,218
2025-04-06 03:27:57,779,5052,1548,527,1386,1000,5284,-2,41,0,-232
2025-04-05 12:29:56,715,4902,1295,456,1377,260,4912,761,40,0,-9
2025-04-04 22:28:59,841,6739,2326,571,1383,280,5444,-4,44,0,1295
2025-04-04 06:55:04,891,6428,1762,601,1383,884,5570,-3,50,0,857
2025-04-03 17:29:53,764,6727,1985,548,1359,694,5801,395,52,0,925
2025-04-03 03:50:09,779,5483,1590,549,1379,756,5104,-3,51,0,379
2025-04-02 14:42:18,775,6185,1831,536,1377,1213,6595,810,52,0,-409
2025-04-01 21:54:58,839,7307,2311,631,1370,592,5793,-3,52,0,1514
2025-04-01 05:16:48,792,5703,1712,641,1377,106,4676,-4,50,0,1027
2025-03-31 13:27:15,600,6084,1890,634,1375,70,5417,779,65,0,666
2025-03-30 23:54:49,669,5566,1745,664,1321,-18,4441,-5,64,0,1124
2025-03-30 10:00:04,656,5382,1249,638,1370,47,4201,177,61,0,1181
2025-03-29 17:16:50,858,6609,1883,1110,1369,304,5649,58,65,0,959
2025-03-29 05:45:57,793,5356,1224,1072,1373,1832,6362,-4,68,0,-1005
2025-03-28 16:25:16,785,6843,1450,1059,1361,2566,7539,239,76,0,-695
2025-03-28 03:16:47,761,5407,1074,1083,1378,2147,6517,-4,75,0,-1110
2025-03-27 13:16:48,848,6726,1398,1061,1338,824,6122,580,68,0,603
2025-03-26 13:08:01,782,6003,1274,1056,1377,447,5690,684,66,0,312
2025-03-25 22:08:50,767,6614,1615,1073,1368,356,5244,-4,67,0,1369
2025-03-25 06:25:51,781,5964,1280,1103,1367,878,5478,2,64,0,486
2025-03-24 16:38:00,792,6724,1465,1101,1338,309,5343,271,65,0,1381
2025-03-24 02:59:55,823,4975,1088,1119,1370,1248,5713,-4,67,0,-737
2025-03-23 13:56:06,823,4905,961,972,1372,2612,7369,563,63,0,-2464
2025-03-23 02:00:01,801,5159,1013,994,1376,2203,6453,-4,68,0,-1294
2025-03-22 13:54:49,788,4984,971,1020,1333,1876,7062,991,63,0,-2078
2025-03-22 01:07:55,923,5758,1535,1041,1372,837,5778,-3,68,0,-20
2025-03-21 09:46:39,811,6033,1537,912,1298,37,5994,1330,65,0,39
2025-03-20 20:44:50,1018,7854,2103,1271,1364,71,5905,-2,64,0,1948
2025-03-20 05:30:06,873,6132,1543,1163,1394,795,5824,-4,57,0,307
2025-03-19 15:37:48,863,5926,1362,1025,1345,977,6722,1081,65,0,-795
2025-03-19 01:55:45,876,6016,1352,1170,1376,986,5846,-4,71,0,169
2025-03-18 12:43:16,812,6189,1066,1001,1375,2361,7672,992,63,0,-1482
2025-03-17 23:07:58,923,6459,1485,1268,1373,2097,7210,-3,66,0,-750
2025-03-17 07:09:04,753,6562,1503,1234,1374,36,4987,25,59,0,1575
2025-03-16 18:29:42,877,6296,1534,1281,1373,236,5376,1,54,0,920
2025-03-16 05:29:41,864,4915,1121,1098,1372,565,5079,-4,58,0,-163
2025-03-15 16:25:33,735,5886,1383,990,1371,663,5376,176,55,0,510
2025-03-15 02:55:10,821,5216,1215,1164,1371,1102,5736,-3,58,0,-519
2025-03-14 15:17:03,729,6131,1338,1323,1361,375,5806,623,54,0,325
2025-03-13 22:25:47,988,6551,2024,1337,1365,1124,6900,-2,61,0,-349
2025-03-13 09:38:29,855,7136,1047,1351,1326,2585,7577,316,61,0,-441
2025-03-12 18:59:39,960,7587,1609,1319,1371,781,6124,-2,58,0,1463
2025-03-12 05:59:53,826,5820,1051,1280,1371,1502,6101,-4,58,0,-281
2025-03-11 18:00:29,793,7320,1537,1258,1372,1294,6333,20,57,0,986
2025-03-11 02:55:24,717,5441,1093,1316,1375,887,5444,-4,56,0,-2
2025-03-10 08:08:37,641,6914,1384,1333,1374,99,5294,382,57,0,1620
2025-03-09 16:57:20,628,5126,1123,1037,1376,282,4846,322,60,0,280
2025-03-09 03:16:31,585,5223,1054,1151,1374,270,4495,-4,63,0,727
2025-03-08 13:55:06,584,4536,814,1000,1376,215,5340,1284,63,0,-803
2025-03-08 00:55:40,796,5766,1252,1327,1375,207,5025,-4,68,0,740
2025-03-07 11:38:31,776,5551,1232,1224,1335,55,6191,1501,65,0,-639
2025-03-06 21:59:51,921,7209,1681,1365,1365,168,5571,-4,73,0,1638
2025-03-06 06:30:27,941,6667,1191,1220,1378,690,5503,-3,70,0,1164
2025-03-05 17:55:24,919,7338,1467,1317,1367,490,5710,60,68,0,1628
2025-03-05 03:48:37,932,5813,1299,1417,1377,295,5386,-4,67,0,427
2025-03-04 14:30:02,871,5763,614,1335,1306,66,5625,1363,66,0,137
2025-03-03 23:22:58,890,6597,1363,1378,1378,52,5151,-4,70,0,1446
2025-03-03 06:29:39,994,6517,1219,1401,1377,798,5858,-4,67,0,659
2025-03-02 18:30:00,928,7009,1266,1544,1380,820,6032,-2,72,0,977
2025-03-02 05:38:41,905,5596,1069,1542,1382,267,5235,-4,73,0,361
2025-03-01 16:25:36,902,6929,1162,1541,1377,696,5896,143,73,0,1032
2025-03-01 04:46:48,899,5858,1304,1505,1373,446,5597,-4,72,0,261
2025-02-28 16:16:41,1030,7893,1487,1562,1358,821,6432,102,69,0,1461
2025-02-28 01:29:31,976,6099,976,1492,1376,1276,6169,-4,73,0,-70
2025-02-27 12:17:17,1020,7190,1260,1525,1323,1247,7396,946,73,0,-205
2025-02-27 00:09:09,1241,6449,1097,1565,1371,1423,6792,-4,71,0,-343
2025-02-26 09:08:31,1154,7904,1305,1576,1376,308,6487,674,74,0,1416
2025-02-25 15:26:20,1058,6840,1283,1435,1373,31,6196,940,72,0,644
2025-02-24 23:17:25,1451,7072,1141,1108,1361,423,5554,-3,72,0,1518
2025-02-24 05:39:12,1087,6243,867,1085,1376,816,5297,-4,68,0,946
2025-02-23 13:55:47,1144,5362,957,916,1379,86,5574,1019,71,0,-211
2025-02-22 23:47:59,1250,6601,1082,1598,1372,357,5727,-3,71,0,873
2025-02-22 08:08:37,1266,7141,1263,1611,1373,306,6047,151,74,0,1093
2025-02-21 10:56:39,1314,7678,1266,1521,1359,1346,7759,877,72,0,-81
2025-02-20 21:16:55,1418,8328,1461,1558,1360,765,6634,-2,72,0,1694
2025-02-20 03:47:34,1344,6384,991,1480,1380,382,5650,-4,73,0,733
2025-02-19 13:38:42,1346,7529,1281,1437,1368,210,6524,814,66,0,1005
2025-02-18 22:13:45,1410,7770,1584,1634,1378,333,6427,-2,67,0,1342
2025-02-18 05:59:35,1256,6873,969,1426,1378,1119,6219,-3,67,0,654
2025-02-17 16:08:34,1180,8210,1251,1390,1326,1715,7132,198,68,0,1078
2025-02-17 01:46:17,1118,5842,882,1523,1393,1345,6330,-4,71,0,-488
2025-02-16 13:25:09,1203,6517,1043,1552,1382,185,5727,288,71,0,789
2025-02-16 00:30:24,1182,6080,1095,1494,1383,56,5280,-3,70,0,799
2025-02-11 22:08:18,1214,7581,1448,1592,1388,1213,6926,-3,59,0,655
2025-02-11 05:30:33,1101,6584,1164,1606,1389,998,6327,-3,59,0,256
2025-02-10 15:08:34,1039,6969,1309,1498,1371,339,6474,859,56,0,494
2025-02-10 02:00:21,1116,5731,1001,1664,1385,474,5698,-1,57,0,32
2025-02-09 11:30:20,1014,5536,1001,1405,1382,1009,6659,790,55,0,-1123
2025-02-09 00:00:29,1033,6311,1051,1591,1370,1689,6789,-3,57,0,-477
2025-02-08 10:29:19,1086,7277,1370,1648,1340,1078,6976,396,58,0,301
2025-02-07 08:59:04,1187,8339,1481,1666,1386,1526,7461,118,60,0,878
2025-02-06 19:59:24,1205,8553,1549,1647,1376,1254,7121,0,60,0,1432
2025-02-06 07:00:43,1137,7444,1188,1605,1378,1335,6702,-2,59,0,742
2025-02-05 19:00:15,1164,8562,1493,1585,1362,1104,6773,0,62,0,1789
2025-02-05 04:27:41,1104,6053,1073,1672,1371,469,5748,-2,58,0,304
2025-02-04 16:25:18,1120,7562,1297,1671,1366,501,6218,202,57,0,1343
2025-02-04 02:59:22,1078,5936,947,1784,1368,812,6044,-2,55,0,-107
2025-02-03 14:29:34,928,7470,1309,1779,1360,1536,7457,468,60,0,12
2025-02-03 01:59:33,784,5444,1002,1775,1371,234,5225,-2,59,0,218
2025-02-02 13:47:20,976,6035,1146,1395,1373,262,5430,220,54,0,604
2025-02-01 09:09:37,902,6839,1106,1763,1339,268,5563,99,59,0,1276
2025-01-31 21:16:12,808,7537,1487,1687,1383,50,5493,-1,59,0,2043
2025-01-31 06:17:36,738,6428,1084,1665,1383,8,4940,-2,63,0,1487
2025-01-30 18:47:36,806,7929,1531,1658,1387,237,5692,0,56,0,2236
2025-01-30 05:25:29,780,5921,1023,1695,1382,332,5268,-2,56,0,653
2025-01-29 17:08:38,843,7481,1357,1595,1375,363,5621,29,56,0,1859
2025-01-29 05:17:34,759,5949,1007,1741,1387,471,5420,-3,55,0,529
2025-01-28 16:38:27,792,7169,1216,1667,1387,476,5719,120,56,0,1449
2025-01-28 04:30:13,801,5741,956,1750,1379,405,5361,-2,56,0,380
2025-01-27 17:00:20,885,7601,1323,1676,1323,492,5806,29,60,0,1794
2025-01-27 03:38:26,740,5292,873,1599,1377,1613,6255,-2,52,0,-962
2025-01-26 15:59:29,801,5965,850,1698,1380,1137,6134,211,53,0,-168
2025-01-26 03:55:30,802,5362,952,1725,1380,211,5124,-3,54,0,238
2025-01-25 15:30:21,798,6310,728,1533,1379,807,5634,336,57,0,676
2025-01-25 02:55:30,747,5465,725,1532,1383,1478,5922,-2,57,0,-456
2025-01-24 13:59:33,1094,6867,1244,1574,1381,-2,5694,329,59,0,1173
2025-01-24 01:08:27,1093,6056,1059,1611,1368,114,5304,-2,56,0,752
2025-01-23 12:30:33,1160,7120,1248,1416,1322,165,6001,630,56,0,1118
2025-01-22 17:56:31,1210,8546,1399,1582,1373,353,5993,-1,59,0,2553
2025-01-22 05:25:17,1099,6270,1048,1622,1386,183,5392,-2,56,0,877
2025-01-21 16:16:28,1090,8078,1309,1601,1371,493,6010,86,57,0,2068
2025-01-21 02:38:13,960,5985,1127,1687,1386,21,5236,-3,56,0,749
2025-01-20 14:08:19,1032,7439,1339,1622,1366,2,5898,485,48,0,1540
2025-01-20 00:38:34,882,5798,1102,1669,1388,313,5405,-2,51,0,393
2025-01-19 11:26:36,988,5945,991,1688,1387,791,6401,497,52,0,-456
2025-01-18 23:56:27,877,6263,1100,1782,1387,1953,7149,-2,51,0,-885
2025-01-18 07:30:38,895,6713,1037,1765,1387,873,6012,-3,55,0,701
2025-01-17 19:38:26,1487,8531,1489,1877,1377,1905,8216,-2,58,0,315
2025-01-17 06:59:31,1249,7608,1034,1846,1387,1433,7012,-2,54,0,596
2025-01-16 19:29:17,1327,8751,1554,1894,1376,372,6607,-1,55,0,2143
2025-01-16 07:25:30,1307,8124,1311,1868,1380,245,6169,-2,55,0,1955
2025-01-15 19:56:15,1235,8747,1544,1736,1377,331,6299,-2,52,0,2448
2025-01-15 06:48:38,1032,7416,1108,1803,1384,320,5717,-2,51,0,1699
2025-01-14 18:59:27,1004,8652,1557,1861,1367,19,5891,-1,56,0,2761
2025-01-14 05:29:24,969,6386,1144,1733,1380,1045,6323,-2,51,0,63
2025-01-13 17:38:34,1008,8582,1342,1921,1315,1259,6921,-1,51,0,1660
2025-01-13 05:25:35,812,5748,998,1687,1383,572,5509,-3,50,0,239
2025-01-12 16:19:11,796,6482,1074,1615,1384,268,5258,69,48,0,1223
2025-01-12 03:38:10,807,5406,1020,1664,1379,25,4943,-3,49,0,463
2025-01-11 15:38:20,787,6570,1106,1627,1378,66,5225,204,48,0,1345
2025-01-11 03:38:22,818,5607,1024,1704,1381,760,5733,-2,47,0,-126
2025-01-10 15:16:39,764,7286,1362,1581,1351,534,5813,171,50,0,1472
2025-01-10 03:26:07,727,5568,1044,1602,1386,676,5480,-3,47,0,87
2025-01-09 15:38:27,732,6887,1269,1526,1315,410,5515,218,42,0,1371
2025-01-09 02:59:35,765,5529,1011,1601,1382,941,5747,-2,36,0,-218
2025-01-08 14:59:26,581,6740,1157,1601,1311,611,5720,412,44,0,1020
2025-01-08 01:55:19,547,5193,898,1664,1384,920,5455,-2,43,0,-262
2025-01-07 13:56:34,568,5903,1166,1756,1338,340,5471,255,41,0,432
2025-01-07 01:59:41,560,5203,804,1696,1391,849,5342,-2,40,0,-138
2025-01-06 13:25:39,582,5609,960,1530,1390,1067,6044,465,47,0,-435
2025-01-06 00:46:27,701,5444,1082,1643,1389,1083,5940,-3,43,0,-496
2025-01-05 09:25:15,685,5716,862,1620,1392,405,5226,216,44,0,489
2025-01-04 21:38:11,788,6892,1245,1687,1393,297,5454,-3,46,0,1437
2025-01-04 04:38:13,705,5256,925,1609,1380,192,4846,-3,36,0,410
2025-01-03 16:46:19,751,7066,1153,1447,1351,1596,6355,0,42,0,710
2025-01-03 03:55:21,694,4905,782,1500,1394,1965,6371,-3,36,0,-1466
2025-01-02 16:26:22,730,6092,1169,1467,1390,1496,6326,26,41,0,-233
2025-01-02 04:25:21,717,4828,832,1608,1393,1512,6095,-3,35,0,-1267
2025-01-01 16:47:28,732,5576,991,1585,1387,1295,6054,7,38,0,-478
2025-01-01 05:08:16,703,5135,866,1477,1384,984,5450,-3,37,0,-314
2024-12-31 17:02:39,768,7455,1180,1619,1379,552,5545,-1,40,0,1910
2024-12-31 04:00:03,748,5140,985,1427,1386,19,4603,-3,38,0,536
2024-12-30 14:47:11,735,6868,1265,1513,1355,0,5116,190,42,0,1752
2024-12-30 02:25:30,743,5151,1030,1437,1382,3,4632,-2,37,0,519
2024-12-29 13:55:35,744,6305,1307,1456,1384,-13,5028,107,42,0,1277
2024-12-29 02:09:31,748,5257,1016,1413,1383,360,4960,-3,39,0,297
2024-12-28 13:47:24,751,6849,1384,756,1361,896,5384,190,42,0,1465
2024-12-28 01:17:25,733,5447,1052,1104,1381,1188,5494,-3,36,0,-46
2024-12-27 10:47:24,743,6483,1600,1545,1376,1028,6433,97,31,0,50
2024-12-26 22:59:28,755,5712,1383,1543,1379,1904,6997,-3,31,0,-1285
2024-12-26 11:18:30,638,5498,1454,1547,1378,2626,7920,213,31,0,-2421
2024-12-25 23:46:31,633,5347,973,1543,1379,2673,7228,-3,29,0,-1881
2024-12-25 12:17:31,636,5434,1085,1562,1379,2700,7564,168,30,0,-2130
2024-12-25 00:38:29,637,5386,974,1519,1375,2621,7161,-3,36,0,-1775
2024-12-24 12:25:11,631,7280,1307,1584,1369,2169,7159,60,36,0,120
2024-12-24 00:25:22,662,5907,1132,1596,1367,1752,6549,-3,42,0,-642
2024-12-23 11:46:16,651,7179,1391,1674,1315,485,5961,394,44,0,1217
2024-12-22 22:08:11,678,6695,1247,1716,1384,408,5475,-2,39,0,1220
2024-12-22 09:47:25,760,6190,1086,1586,1383,703,5717,150,38,0,473
2024-12-21 21:00:28,748,7426,1243,1664,1381,2474,7548,-2,38,0,-121
2024-12-21 08:30:12,728,6707,1054,1419,1379,2212,6841,3,41,0,-133
2024-12-20 19:47:05,932,7946,1475,1699,1371,275,5823,-1,46,0,2123
2024-12-20 05:00:29,799,5967,806,1681,1388,836,5553,-3,43,0,413
2024-12-19 16:10:07,800,7669,1400,1690,1327,193,5500,49,38,0,2168
2024-12-19 03:17:29,780,5903,1163,1702,1375,359,5420,-3,42,0,482
2024-12-18 15:38:49,787,7596,1366,1693,1336,46,5378,114,44,0,2217
2024-12-18 03:00:26,750,5719,1131,1660,1382,746,5713,-2,46,0,5
2024-12-17 15:17:06,746,7734,1288,1669,1380,1576,6851,144,45,0,882
2024-12-16 22:38:34,660,7035,1310,1666,1370,2327,7380,-2,47,0,-344
2024-12-16 10:38:35,646,8074,1195,1652,1351,1776,7088,416,50,0,985
2024-12-15 09:41:53,827,6299,1169,1440,1380,1621,6660,155,45,0,-361
2024-12-14 20:59:51,752,7514,1251,1694,1378,2346,7466,-2,45,0,47
2024-12-14 07:59:32,778,6942,1177,1712,1378,917,6014,3,44,0,927
2024-12-13 20:26:34,803,8163,1586,1880,1370,0,5687,-2,50,0,2475
2024-12-13 07:49:52,809,7850,1338,1888,1383,681,6147,0,47,0,1703
2024-12-12 19:55:22,900,8277,1406,1865,1364,692,6279,-1,51,0,1998
2024-12-12 05:30:07,803,6309,1167,1786,1381,649,5824,-3,39,0,485
2024-12-11 13:47:04,833,8135,1366,1894,1362,367,6020,154,40,0,2115
2024-12-11 01:38:34,809,6013,1147,1715,1386,431,5527,-2,39,0,485
2024-12-10 12:47:11,812,8467,1266,1753,1357,1492,6809,85,42,0,1657
2024-12-09 23:38:53,852,6457,1255,1606,1374,456,5581,-3,39,0,875
2024-12-09 11:38:59,840,8507,1242,1527,1366,2207,7338,100,41,0,1169
2024-12-08 22:29:43,871,6297,1399,1741,1384,271,5707,-2,36,0,589
2024-12-08 08:25:55,854,6161,1129,1233,1385,565,5237,8,38,0,923
2024-12-07 20:38:55,896,7471,1302,1276,1377,1148,6038,-2,38,0,1433
2024-12-07 08:00:16,795,6736,983,1459,1387,1752,6439,-1,37,0,297
2024-12-06 14:55:03,893,7984,1314,1642,1384,545,5892,63,44,0,2091
2024-12-06 01:56:33,821,6082,1131,1486,1377,530,5387,-3,42,0,695
2024-12-05 12:46:32,847,8244,1364,1475,1346,251,5514,184,43,0,2729
2024-12-04 21:16:31,1003,7893,1449,1575,1369,391,5836,-3,43,0,2057
2024-12-04 05:59:27,775,6416,1161,1440,1379,388,5184,-3,42,0,1232
2024-12-03 15:56:30,970,8157,1388,1484,1346,189,5469,38,45,0,2688
2024-12-03 01:55:04,776,5993,1070,1387,1369,279,4923,-3,43,0,1069
2024-12-02 12:39:16,804,8155,1189,1541,1372,1078,6269,221,43,0,1886
2024-12-02 00:25:25,805,5625,1103,1459,1371,1206,5983,-4,41,0,-358
2024-12-01 12:00:07,762,5834,1012,1404,1375,1435,6330,296,42,0,-496
2024-12-01 00:27:12,776,5743,1043,1374,1368,2079,6682,-2,43,0,-939
2024-11-30 09:25:04,874,6833,1018,1430,1373,678,5453,33,44,0,1379
2024-11-29 21:46:14,887,7511,1321,1415,1359,306,5327,-2,40,0,2183
2024-11-29 09:31:21,902,8303,1199,1660,1356,1116,6355,55,39,0,1948
2024-11-28 18:47:12,895,8341,1332,1499,1358,1027,6176,-2,38,0,2164
2024-11-28 05:00:08,813,5922,1067,1463,1386,179,4946,-2,39,0,975
2024-11-27 16:18:25,1032,7915,1293,1594,1368,176,5536,27,41,0,2379
2024-11-27 01:55:33,881,5831,1076,1584,1389,115,5088,-3,40,0,742
2024-11-26 13:00:29,910,7269,1199,1553,1385,74,5845,679,42,0,1423
2024-11-25 23:59:07,810,6273,1285,1613,1387,143,5281,-3,43,0,991
2024-11-25 07:30:11,749,7403,1172,1607,1388,550,5533,0,40,0,1870
2024-11-24 19:55:12,825,7104,1184,1644,1385,318,5398,-2,41,0,1705
2024-11-24 05:59:25,822,5762,935,1514,1387,624,5317,-3,36,0,444
2024-11-23 17:08:17,831,7766,1326,1722,1364,1039,6327,0,42,0,1438
2024-11-23 04:38:08,817,5860,969,1508,1382,2515,7228,-1,37,0,-1367
2024-11-22 16:53:16,859,8387,1242,1751,1364,2490,7746,-1,39,0,640
2024-11-22 03:55:11,846,5895,1233,1750,1383,480,5735,-3,39,0,159
2024-11-21 14:30:29,843,7317,1181,1427,1346,622,5880,422,34,0,1437
2024-11-21 02:29:34,839,5787,988,1457,1380,2140,6841,-2,35,0,-1054
2024-11-20 14:00:14,826,7241,1243,1609,1380,727,6234,403,36,0,1007
2024-11-20 02:30:02,841,5815,954,1610,1386,2184,7012,-3,38,0,-1197
2024-11-19 13:00:34,865,7015,1092,1465,1387,33,5581,696,38,0,1433
2024-11-18 23:38:26,1019,6506,1232,1651,1388,71,5397,-3,38,0,1108
2024-11-18 09:29:26,997,8095,1593,1616,1377,499,6471,320,40,0,1624
2024-11-17 21:00:29,975,6845,1220,1598,1372,824,6039,-3,36,0,806
2024-11-17 06:38:31,959,5692,1023,1585,1375,407,5386,-3,38,0,306
2024-11-16 18:55:06,999,7716,1266,1595,1375,313,5584,-2,36,0,2131
2024-11-15 22:47:22,1034,6855,1271,1577,1366,760,6047,-3,40,0,808
2024-11-15 10:38:32,1060,7935,1374,1664,1335,67,5924,379,42,0,2011
2024-11-14 23:08:11,851,6543,1222,1623,1375,3,5122,-2,42,0,1420
2024-11-14 10:16:55,751,8098,1442,1728,1330,-17,5455,166,43,0,2643
2024-11-13 18:47:02,990,8355,1569,1687,1362,111,5758,3,32,0,2596
2024-11-13 05:08:26,701,5951,1089,1517,1374,123,4841,-2,37,0,1109
2024-11-12 15:47:07,895,8056,2005,1719,1363,482,6539,24,42,0,1516
2024-11-11 15:56:26,837,7812,1587,1672,1328,821,6347,56,44,0,1465
2024-11-11 03:29:34,808,5268,1073,1631,1382,1855,6793,-3,41,0,-1524
2024-11-10 15:08:28,880,6126,978,1188,1383,2042,6678,165,40,0,-552
2024-11-10 03:25:37,878,5333,1039,1649,1385,1616,6607,-1,39,0,-1274
2024-11-09 15:26:00,873,6551,1131,1590,1387,1558,6783,183,40,0,-232
2024-11-09 03:08:03,838,5508,1094,1560,1387,1397,6315,-2,40,0,-807
2024-11-08 14:08:31,805,6141,1003,1554,1341,111,5786,922,46,0,354
2024-11-08 02:00:35,837,5757,1072,1596,1381,91,5024,-3,50,0,732
2024-11-07 13:00:18,770,6110,1110,1550,1350,58,6004,1113,50,0,106
2024-11-06 23:25:25,762,6311,1236,1610,1377,29,5064,-3,47,0,1246
2024-11-06 10:00:12,747,6734,1193,1565,1376,21,5843,892,47,0,891
2024-11-05 21:17:28,795,7517,1661,1418,1359,80,5356,-2,43,0,2161
2024-11-05 07:47:11,787,7169,1423,1134,1368,826,5696,89,43,0,1472
2024-11-04 19:29:03,1056,7821,1509,1090,1353,1896,6958,-1,46,0,862
2024-11-04 00:54:54,818,5235,1051,1019,1371,357,4657,-1,40,0,577
2024-11-03 10:54:52,820,5119,927,611,1373,488,4631,363,45,0,488
2024-11-02 23:08:32,835,5699,1234,1058,1374,2373,6913,-2,39,0,-1214
2024-11-02 10:29:59,743,5423,843,996,1403,1199,5833,600,44,0,-410
2024-11-01 22:55:19,859,6172,1402,961,1364,1589,6225,-2,50,0,-52
2024-11-01 08:47:14,887,6776,1178,975,1378,287,5150,391,51,0,1626
2024-10-31 20:47:06,872,7326,1614,1046,1365,-11,4941,-2,54,0,2384
2024-10-31 06:55:28,1010,6329,1133,1106,1385,39,4739,0,51,0,1590
2024-10-30 18:26:26,1010,7833,1768,1131,1376,-5,5337,0,55,0,2496
2024-10-30 05:29:18,978,5695,1113,1049,1385,38,4615,-3,53,0,1080
2024-10-29 17:47:18,1065,7631,1433,1105,1369,210,5238,-2,52,0,2393
2024-10-29 04:38:14,991,5465,1013,1055,1381,792,5282,-3,52,0,182
2024-10-28 15:59:14,840,6691,1377,1136,1369,144,5269,334,49,0,1421
2024-10-28 03:25:08,783,4839,924,1070,1388,535,4741,-3,43,0,97
2024-10-27 15:08:22,811,4785,863,1033,1384,462,5143,538,48,0,-357
2024-10-27 03:17:12,797,5078,926,1077,1385,390,4623,-3,49,0,455
2024-10-26 16:25:16,773,5199,968,990,1387,42,4721,505,52,0,477
2024-10-26 04:55:03,818,5544,1173,1122,1378,11,4556,-2,54,0,988
2024-10-25 15:38:05,783,5868,806,1018,1380,32,5005,930,54,0,863
2024-10-25 02:47:23,799,5453,988,1110,1385,104,4442,-3,57,0,1011
2024-10-24 12:08:23,756,6236,1164,1038,1327,470,5731,917,56,0,504
2024-10-23 23:47:25,1050,5996,1346,1008,1387,1114,5963,-3,58,0,33
2024-10-23 10:46:12,928,6191,1437,959,1322,102,5686,880,54,0,505
2024-10-22 22:17:03,784,6774,1683,1025,1380,609,5548,-2,52,0,1225
2024-10-22 07:09:17,836,6967,1588,1063,1380,54,4978,-2,53,0,1988
2024-10-21 17:08:18,649,6435,1434,1056,1350,10,4939,384,53,0,1495
2024-10-21 03:47:09,604,4869,951,1007,1372,104,4087,-3,50,0,782
2024-10-20 14:16:31,521,4088,904,860,1377,68,4528,744,50,0,-440
2024-10-20 01:17:26,590,5184,1166,1012,1367,268,4459,-2,55,0,724
2024-10-19 11:46:56,603,4913,1429,1010,1360,426,5727,842,55,0,-813
2024-10-18 23:47:32,775,5858,1925,1100,1364,343,5561,-2,54,0,296
2024-10-18 10:24:52,774,6229,1545,1008,1338,558,6194,914,53,0,35
2024-10-17 21:38:01,770,7090,1931,951,1368,1308,6380,-1,52,0,709
2024-10-17 08:55:25,751,6905,1980,1028,1374,2099,7574,276,52,0,-669
2024-10-16 21:08:05,775,7257,2285,1005,1352,978,6449,-2,53,0,808
2024-10-16 09:25:25,778,6982,2324,1031,1092,1185,6629,162,54,0,353
2024-10-15 21:17:24,865,7244,2532,999,741,429,5628,-1,52,0,1616
2024-10-15 09:00:38,788,7095,2402,1063,679,52,5222,159,53,0,1873
2024-10-14 20:55:44,687,7781,1956,982,1426,202,5360,48,51,0,2421
2024-10-14 08:25:22,741,6423,1813,963,696,738,5115,101,49,0,1307
2024-10-13 20:57:15,675,6225,1845,990,703,390,4652,-1,49,0,1572
2024-10-13 08:00:34,715,5057,1055,936,702,480,3966,11,53,0,1091
2024-10-12 19:30:08,716,6723,2004,1063,701,1556,6116,-1,56,0,607
2024-10-12 07:55:17,722,5715,1549,1010,703,1980,6034,0,51,0,-318
2024-10-11 20:28:34,696,7146,2085,1483,702,173,5216,-1,57,0,1929
2024-10-11 08:28:43,873,6750,1788,1353,700,72,4945,86,55,0,1804
2024-10-10 20:56:10,810,7137,1784,1442,1381,218,5752,32,58,0,1384
2024-10-10 08:47:20,830,6574,1383,1296,1390,849,6095,277,57,0,478
2024-10-09 21:16:40,859,7031,1714,1374,1376,675,6049,-3,52,0,981
2024-10-09 08:29:30,855,6750,1670,1334,1388,1591,7042,137,49,0,-291
2024-10-08 20:55:22,795,7225,1620,1366,1383,956,6183,-3,51,0,1041
2024-10-08 08:08:32,862,6595,1590,1460,1384,346,5802,90,53,0,792
2024-10-07 20:37:35,846,7245,1761,1452,1373,227,5735,-2,51,0,1509
2024-10-07 07:00:32,876,6051,1622,918,1381,1434,6273,-3,43,0,-222
2024-10-06 19:18:14,808,6181,1789,999,1377,52,5092,-3,47,0,1088
2024-10-06 07:30:18,797,4975,1444,918,1379,163,4758,-1,47,0,217
2024-10-05 19:56:12,861,6772,2079,1430,1380,268,6098,-2,56,0,674
2024-10-05 08:09:11,854,5724,1675,1320,1378,144,5462,22,56,0,262
2024-10-04 20:38:16,683,7138,2204,1462,1371,708,6507,-4,56,0,631
2024-10-04 08:57:12,909,6772,1918,1420,1380,1318,7202,185,57,0,-430
2024-10-03 21:19:15,851,6953,1810,1361,1372,1451,6899,-3,54,0,53
2024-10-03 09:26:32,859,6449,1673,1287,1339,818,6528,465,55,0,-78
2024-10-02 21:38:26,829,6975,1846,1382,1361,71,5549,-3,55,0,1426
2024-10-02 08:00:44,834,6554,1576,1374,1378,1541,6840,74,53,0,-285
2024-10-01 20:29:35,886,7243,1897,1403,1372,2369,8008,-3,49,0,-764
2024-10-01 09:00:06,810,6570,1689,919,1373,2569,7636,206,58,0,-1065
2024-09-30 21:30:19,813,6717,1886,972,1357,2640,7724,-3,57,0,-1006
2024-09-30 09:08:33,873,6656,1835,907,1375,2554,7717,109,53,0,-1061
2024-09-29 21:38:26,741,5953,1811,856,1369,2140,6967,-3,51,0,-1013
2024-09-29 08:47:20,757,5142,1692,887,1367,361,5205,79,51,0,-63
2024-09-28 20:50:03,791,6472,1822,884,1369,1156,6102,-3,53,0,369
2024-09-28 07:56:19,734,5459,1588,869,1371,995,5687,63,55,0,-228
2024-09-27 18:30:32,859,6602,1813,987,1358,1375,6548,93,54,0,53
2024-09-27 05:57:08,847,5309,1356,878,1369,713,5227,-3,53,0,81
2024-09-26 16:30:28,857,5938,1094,991,1350,771,5849,728,54,0,89
2024-09-26 04:30:13,925,5131,1015,1265,1366,420,5042,-3,53,0,89
2024-09-25 15:08:27,892,5679,1065,1224,1345,271,5563,707,50,0,116
2024-09-25 03:26:28,848,5017,1069,1190,1367,231,4757,-3,52,0,260
2024-09-24 14:00:01,723,5235,1134,1182,1358,248,5905,1205,54,0,-670
2024-09-24 02:25:28,887,5028,1297,1315,1358,30,4941,-3,56,0,86
2024-09-23 12:59:13,738,5052,1178,1142,1337,52,5668,1162,54,0,-615
2024-09-23 01:00:27,576,4619,1292,1193,1358,571,5033,-4,45,0,-414
2024-09-22 10:19:05,441,4063,1193,456,1325,123,4348,761,45,0,-285
2024-09-21 22:30:10,726,5684,1746,861,1366,267,5010,-3,46,0,674
2024-09-21 08:16:28,768,5247,1705,743,1357,1003,5859,221,46,0,-612
2024-09-20 20:30:16,720,6977,2132,1409,1358,890,6589,-3,51,0,388
2024-09-20 08:00:27,713,6127,1593,1292,1359,2055,7181,111,52,0,-1053
2024-09-19 19:56:11,776,7088,1831,1431,1356,1526,6981,-3,48,0,106
2024-09-19 06:29:02,757,5488,1309,1338,1357,1532,6336,-3,44,0,-848
2024-09-18 18:26:07,737,6337,1748,1402,1358,795,6154,65,45,0,183
2024-09-18 04:09:36,729,5019,1096,1358,1361,751,5327,-3,31,0,-308
2024-09-17 14:24:53,639,5465,1058,1217,1344,502,5632,817,51,0,-167
2024-09-17 01:55:30,701,4956,1042,1361,1355,690,5199,-3,50,0,-242
2024-09-16 13:16:51,637,5542,760,1002,1357,448,5165,909,49,0,376
2024-09-16 01:47:30,695,4607,928,1183,1364,638,4850,-3,43,0,-243
2024-09-15 12:08:40,762,4034,506,635,1358,60,4286,935,35,0,-251
2024-09-15 00:30:41,783,4869,1015,798,1346,1426,5417,-3,42,0,-547
2024-09-14 11:49:03,734,5509,1026,736,1316,1410,5481,217,40,0,27
2024-09-14 00:09:21,828,5477,890,1221,1350,1810,6143,-3,45,0,-666
2024-09-13 12:00:22,823,5833,1115,1167,1339,538,5831,796,44,0,2
2024-09-13 00:30:03,776,5325,1181,1228,1351,128,4707,-3,43,0,617
2024-09-12 06:26:25,795,5651,1108,1121,1348,309,4721,-2,41,0,929
2024-09-11 17:39:19,824,6450,1128,1013,1330,312,4769,112,41,0,1680
2024-09-11 06:00:14,823,5536,1102,1043,1345,237,4593,-3,43,0,943
2024-09-10 16:56:11,789,6584,1320,1084,1275,413,5092,171,34,0,1491
2024-09-10 05:00:18,777,5145,1104,1078,1345,63,4409,-3,42,0,735
2024-09-09 16:08:29,663,6050,1051,1020,1292,93,4938,769,40,0,1112
2024-09-09 03:59:40,703,4539,1000,1148,1344,326,4557,-3,38,0,-17
2024-09-08 14:55:05,622,3868,524,536,1342,784,5015,1168,37,0,-1146
2024-09-08 03:27:20,722,4579,1052,1166,1335,970,5289,-3,39,0,-710
2024-09-07 15:08:48,612,4743,628,696,1332,1495,5877,1064,47,0,-1134
2024-09-07 03:38:25,653,4998,958,1116,1334,1176,5292,-2,57,0,-294
2024-09-06 14:46:24,792,5838,693,1000,1298,489,5344,1019,49,0,494
2024-09-06 01:11:40,943,5281,1011,1099,1326,952,5388,-2,53,0,-106
2024-09-05 11:38:27,834,5651,677,993,1298,683,5648,1107,52,0,2
2024-09-04 23:29:47,931,5913,1039,1090,1328,768,5213,-2,52,0,700
2024-09-04 11:38:40,812,5897,983,953,1281,955,6095,1061,47,0,-198
2024-09-03 22:55:29,907,6360,1336,1156,1333,217,5002,-2,53,0,1358
2024-09-03 09:47:39,708,6036,1014,909,1324,371,5119,739,50,0,917
2024-09-02 22:17:27,808,6594,1711,1153,1326,277,5325,-3,51,0,1268
2024-09-02 10:47:25,684,5725,1062,958,1268,172,5152,956,48,0,573
2024-09-01 23:16:46,860,5397,1167,1047,1328,230,4682,-2,45,0,715
2024-09-01 11:25:42,707,4422,574,683,1328,594,4720,786,46,0,-298
2024-08-31 23:55:31,829,5437,1042,1008,1322,687,4937,-3,50,0,500
2024-08-31 11:25:22,791,5093,957,934,1324,539,5478,883,46,0,-385
2024-08-30 23:38:29,854,5894,1039,984,1326,863,5117,-3,52,0,776
2024-08-30 05:29:33,862,5279,1063,1067,1337,1002,5387,-2,51,0,-108
2024-08-29 16:46:18,854,6523,1242,1013,1306,653,5567,444,53,0,955
2024-08-29 05:17:27,752,5322,982,1176,1309,791,5062,-3,52,0,260
2024-08-28 16:46:27,1012,6816,1309,1158,686,732,5329,375,49,0,1487
2024-08-28 03:56:25,853,5287,904,1109,686,804,4410,-3,54,0,876
2024-08-27 15:16:37,735,6817,1606,1204,680,436,5145,428,53,0,1671
2024-08-27 02:17:20,773,5421,1207,1302,681,437,4451,-4,53,0,969
2024-08-26 13:25:31,801,6723,1652,1205,650,1119,6509,1032,47,0,214
2024-08-26 00:38:41,767,5282,1242,1111,1334,98,4602,-3,45,0,679
2024-08-25 11:46:32,632,4384,493,805,1337,480,4916,1123,43,0,-531
2024-08-24 18:08:28,878,6303,1230,1037,1321,303,5204,381,49,0,1099
2024-08-24 06:29:16,887,5099,1019,1220,1329,290,4796,-1,51,0,302
2024-08-23 17:48:25,1080,6828,1257,1125,1324,155,5565,565,53,0,1263
2024-08-23 05:08:35,872,5281,1024,1212,1333,1154,5649,-2,51,0,-367
2024-08-22 16:17:46,737,6662,1205,1134,1322,511,5739,776,51,0,922
2024-08-22 03:30:44,767,5243,1068,1253,1327,117,4581,-3,51,0,661
2024-08-21 14:55:21,762,6348,1154,1120,1283,166,5621,1090,44,0,726
2024-08-21 03:25:43,791,5235,1060,1244,1325,-8,4460,-3,51,0,774
2024-08-20 14:29:15,791,6576,1204,1146,1323,71,5497,914,46,0,1078
2024-08-20 02:59:23,788,5270,1036,1262,1325,10,4467,-3,47,0,803
2024-08-19 13:39:42,535,6243,1092,1033,1293,293,5482,1195,44,0,761
2024-08-19 02:08:45,713,4964,1017,1213,1340,55,4377,-3,40,0,587
2024-08-18 13:25:36,736,4760,692,1057,1341,366,5274,1040,39,0,-514
2024-08-18 01:55:20,848,5110,1012,1197,1340,244,4680,-3,40,0,429
2024-08-17 13:00:48,725,5399,552,927,1343,554,5333,1191,39,0,65
2024-08-17 01:29:34,811,5347,971,1181,1337,811,5152,-3,43,0,194
2024-08-16 13:29:25,892,5882,1011,1104,1294,754,6292,1193,40,0,-410
2024-08-16 01:59:41,943,5112,997,1203,1339,513,5035,-3,39,0,77
2024-08-15 14:17:19,903,5242,950,1079,1305,511,5984,1193,41,0,-742
2024-08-15 02:47:33,937,5268,978,1207,1330,665,5162,-3,47,0,106
2024-08-14 14:59:15,860,6374,1068,1166,1281,823,6358,1108,50,0,16
2024-08-14 03:29:34,927,5251,968,1246,1332,370,4889,-3,46,0,362
2024-08-13 15:38:30,762,6338,1019,1002,1307,311,5493,1047,43,0,844
2024-08-13 04:08:26,757,5150,935,1219,1330,612,4903,-3,52,0,247
2024-08-12 16:08:38,768,6356,1102,1065,1298,236,5521,999,51,0,834
2024-08-12 04:38:48,710,4776,960,1267,1340,275,4601,-3,48,0,175
2024-08-11 15:47:31,681,4719,625,812,1341,101,4526,919,44,0,193
2024-08-11 04:17:42,772,4686,917,1276,1331,852,5194,-3,47,0,-508
2024-08-10 15:55:43,683,5112,697,652,1326,388,4703,908,47,0,408
2024-08-10 04:25:27,685,4942,926,822,1328,340,4153,-2,52,0,789
2024-08-09 15:56:25,773,6389,1210,1169,1318,434,5364,405,51,0,1025
2024-08-09 04:25:45,683,5139,1104,1240,1325,15,4422,-2,56,0,716
2024-08-08 14:46:18,659,5787,924,1148,1280,103,5308,1141,51,0,478
2024-08-08 03:17:25,721,5044,1017,1254,1331,4,4377,-3,51,0,667
2024-08-07 14:16:35,684,5531,852,1143,1324,285,5377,1044,45,0,153
2024-08-07 02:39:22,680,4886,947,1275,1327,819,5099,-2,51,0,-212
2024-08-06 13:16:33,679,5978,820,1185,1311,206,5016,767,45,0,962
2024-08-06 01:47:29,708,5253,994,1255,1328,645,4981,-3,52,0,272
2024-08-05 13:08:31,657,5794,952,1165,1319,15,5117,964,44,0,676
2024-08-05 01:38:32,748,4901,986,1295,1325,399,4806,0,49,0,95
2024-08-04 13:08:22,652,4683,742,671,1324,639,4918,841,46,0,-234
2024-08-04 01:38:45,695,5137,889,1203,1324,659,4821,-3,50,0,316
2024-08-03 13:47:46,734,5725,796,916,1315,877,5580,884,51,0,144
2024-08-03 02:17:48,836,5457,1016,1243,1324,852,5320,-3,49,0,137
2024-08-02 14:47:43,738,6377,1092,1192,1294,236,5669,1066,49,0,707
2024-08-02 03:17:24,787,5289,995,1328,1328,628,5118,-3,52,0,171
2024-08-01 15:26:44,773,6151,982,1191,1309,272,5639,1063,47,0,511
2024-08-01 03:55:48,785,5266,942,1313,1319,213,4626,-2,53,0,640
2024-07-31 15:30:37,764,5926,873,911,1279,193,5156,1085,48,0,769
2024-07-31 03:46:31,743,5102,1125,1324,1313,549,5107,-2,54,0,-5
2024-07-30 15:26:38,729,5840,702,912,1308,1372,6236,1160,49,0,-396
2024-07-30 03:55:35,776,5335,1099,1316,1317,1215,5766,-3,43,0,-430
2024-07-29 15:16:26,726,6104,872,1208,1267,211,5486,1146,53,0,618
2024-07-29 03:08:30,843,5086,1106,1308,1312,614,5236,-2,53,0,-150
2024-07-28 14:08:24,725,4643,466,427,1309,88,4225,1157,50,0,417
2024-07-28 02:38:21,859,5142,1187,886,1309,22,4314,-3,51,0,827
2024-07-27 13:39:23,727,4935,730,1212,1291,173,5337,1151,50,0,-401
2024-07-27 02:08:34,906,5422,1339,1312,1300,730,5648,-2,55,0,-225
2024-07-26 12:25:34,871,6008,1069,1251,1290,1230,6795,1024,56,0,-786
2024-07-25 18:59:19,1028,6923,1299,1320,1180,379,5452,183,59,0,1471
2024-07-25 06:29:45,850,5779,1154,1260,861,287,4474,9,52,0,1304
2024-07-24 17:30:21,1077,7220,1510,1284,649,133,4964,263,44,0,2255
2024-07-24 06:00:40,1079,5711,1263,1266,655,552,4857,-1,41,0,853
2024-07-23 16:55:31,1098,7135,1396,1199,649,209,5411,802,54,0,1724
2024-07-23 02:47:35,1075,5681,1182,1295,662,792,5061,-2,55,0,620
2024-07-22 13:38:39,912,7066,1338,1207,648,276,5413,977,52,0,1653
2024-07-22 02:08:19,934,5247,1201,1260,665,154,4265,1,48,0,982
2024-07-21 13:29:40,901,5455,949,859,664,49,4246,775,46,0,1208
2024-07-21 01:59:21,1044,5673,1159,1236,669,222,4379,-1,47,0,1294
2024-07-20 13:16:22,923,5888,911,1157,657,55,4824,1069,49,0,1063
2024-07-20 01:46:23,1078,6038,1142,1251,652,1229,5404,-3,52,0,634
2024-07-19 13:08:43,1111,7437,918,1160,1307,1169,6838,1121,50,0,599
2024-07-19 01:30:37,1158,6329,1235,1239,1295,1199,6182,2,50,0,146
2024-07-18 13:09:37,1151,7872,1401,1122,1263,275,6314,1050,49,0,1557
2024-07-18 01:38:20,1106,6475,1252,1247,1315,436,5420,9,54,0,1054
2024-07-17 13:00:22,1138,7845,1701,1156,1272,513,6928,1093,51,0,917
2024-07-17 01:30:47,1191,6419,1341,1319,1323,264,5493,-1,51,0,925
2024-07-16 13:38:21,1096,7879,1486,1116,1285,546,6677,1100,45,0,1202
2024-07-16 02:08:46,1070,6345,1440,1327,1324,100,5311,-2,50,0,1034
2024-07-15 14:39:34,1113,7458,1329,1135,1240,632,6673,1165,55,0,785
2024-07-15 03:08:33,1004,5501,1257,1355,1329,32,5031,-2,54,0,470
2024-07-14 11:17:21,962,5478,1264,828,1335,111,5623,1072,49,0,-145
2024-07-13 23:40:53,1059,6802,2070,1253,1331,133,5899,-1,52,0,903
2024-07-13 11:47:33,971,6122,1245,673,1334,321,5745,1148,50,0,377
2024-07-13 00:00:47,992,6828,1663,1241,1331,222,5504,-1,54,0,1324
2024-07-12 10:09:38,979,7317,1572,1122,1323,129,6042,859,54,0,1275
2024-07-11 21:30:17,961,8366,3569,1236,1314,264,7411,0,56,0,955
2024-07-11 04:59:49,897,5815,1435,1219,1338,990,5933,-1,53,0,-118
2024-07-10 17:29:21,881,7484,2170,1112,1322,291,6549,716,54,0,934
2024-07-10 06:00:41,894,5844,1492,1175,1332,1152,6104,6,51,0,-260
2024-07-09 18:29:35,961,7602,2051,1167,1327,604,6621,455,53,0,980
2024-07-09 05:07:35,899,5643,1263,1199,1335,743,5493,3,47,0,150
2024-07-08 07:38:45,942,6531,1671,1232,1322,261,5712,229,51,0,819
2024-07-07 19:59:57,943,6563,1563,925,1311,260,5134,87,42,0,1428
2024-07-07 08:29:45,728,4866,1125,593,1327,192,4526,514,43,0,339
2024-07-06 20:57:08,941,6788,2285,858,1326,286,5748,3,47,0,1040
2024-07-06 09:16:36,784,5364,1172,700,1324,309,5034,692,49,0,330
2024-07-05 21:38:29,896,7205,2024,1243,1318,202,5734,-1,50,0,1470
2024-07-05 10:00:11,748,5937,1331,1179,1240,805,6138,793,54,0,-200
2024-07-04 22:29:47,827,6826,2155,1284,1311,284,5911,-1,50,0,914
2024-07-04 10:59:34,743,5895,1302,970,1277,192,5270,731,52,0,624
2024-07-03 23:30:21,785,6193,1912,1208,1316,256,5527,-1,49,0,665
2024-07-03 11:55:50,926,6860,1719,1185,1309,69,5675,414,49,0,1184
2024-07-03 00:24:39,884,5996,1392,1223,1319,527,5392,-2,45,0,604
2024-07-02 11:26:05,879,6938,1289,1138,1314,1106,6516,754,33,0,421
2024-07-01 23:56:00,944,6601,1729,1244,1321,1244,6521,-2,34,0,79
2024-07-01 12:25:35,884,6732,1298,1137,1294,328,6100,1125,36,0,632
2024-07-01 00:55:21,803,5529,1438,1220,1336,662,5490,-2,28,0,38
2024-06-30 13:25:06,745,4981,1064,916,1283,274,5456,1144,31,0,-475
2024-06-30 01:55:06,918,5316,1920,1242,960,76,5144,-2,30,0,172
2024-06-29 11:29:20,728,5224,1361,733,682,337,5003,1132,30,0,221
2024-06-28 23:59:06,1151,6335,2548,1289,670,48,5738,-2,34,0,598
2024-06-28 12:29:06,1072,6276,1741,1150,662,49,5886,1180,33,0,390
2024-06-28 00:47:06,1141,6069,2376,1290,670,71,5581,-2,36,0,488
2024-06-27 12:46:06,1113,6586,2060,1194,649,458,6455,941,37,0,131
2024-06-27 00:59:06,1121,6027,2220,1245,674,349,5641,-2,34,0,386
2024-06-26 12:46:15,1125,6521,1676,1187,660,98,5871,1090,35,0,649
2024-06-26 01:17:06,1168,5846,1881,1226,677,424,5410,-2,36,0,436
2024-06-25 13:46:06,1228,6536,1926,1046,657,272,6086,921,37,0,451
2024-06-25 02:17:19,939,5025,1719,1100,681,828,5299,-2,33,0,-274
2024-06-24 14:46:05,678,5240,1493,599,688,504,4917,919,36,0,323
2024-06-24 03:16:05,800,4903,1582,698,688,360,4155,-2,30,0,748
2024-06-23 15:38:33,766,4876,1431,583,687,378,4672,796,31,0,205
2024-06-23 03:59:24,786,5035,1553,1077,690,453,4589,-2,32,0,445
2024-06-22 16:29:06,678,5769,1605,774,686,286,4947,886,32,0,822
2024-06-22 04:59:05,789,5386,1687,1086,685,65,4344,-2,33,0,1043
2024-06-21 17:29:29,1115,6957,2049,1009,671,238,5833,716,36,0,1124
2024-06-21 06:00:10,922,5483,1529,1103,685,1064,5338,10,34,0,145
2024-06-20 18:30:05,1002,7458,2316,1026,676,1531,6954,371,31,0,504
2024-06-20 06:55:38,990,5983,1844,1093,682,415,5125,69,31,0,858
2024-06-19 19:25:22,1003,7473,2512,1079,683,658,6136,171,32,0,1337
2024-06-19 06:55:22,795,5974,1811,1094,686,51,4548,78,33,0,1427
2024-06-18 19:25:44,909,7418,2822,1121,675,147,5870,161,34,0,1548
2024-06-18 07:47:34,896,6228,2305,1129,683,123,5439,269,35,0,789
2024-06-17 20:17:22,903,7202,2822,1129,672,191,5799,41,40,0,1404
2024-06-17 08:48:22,841,6193,2083,1079,686,34,5321,559,39,0,872
2024-06-16 21:08:48,867,6062,2623,1142,690,14,5373,0,37,0,689
2024-06-16 09:27:41,704,4247,1378,243,688,190,3911,673,35,0,336
2024-06-15 21:49:31,927,6501,2635,323,688,382,4992,-2,38,0,1510
2024-06-15 10:17:22,735,5012,1564,219,690,1503,5531,778,39,0,-519
2024-06-14 22:48:22,741,6205,1857,1173,685,1926,6435,-1,56,0,-230
2024-06-14 11:08:47,730,6006,1748,1106,684,224,5134,585,57,0,872
2024-06-13 23:25:42,743,6144,2268,1148,685,1183,6070,-1,46,0,74
2024-06-13 11:57:22,699,6192,1622,1103,682,820,5779,813,55,0,413
2024-06-13 00:25:22,736,5842,2191,1145,675,539,5340,-1,56,0,501
2024-06-12 12:55:47,905,6343,1704,1079,654,216,5549,941,50,0,794
2024-06-12 01:25:29,910,5653,1696,1132,682,620,5092,-2,52,0,561
2024-06-11 13:55:22,913,6721,1747,1040,637,490,5834,947,53,0,887
2024-06-11 02:24:22,898,5449,1573,1134,686,1811,6153,-2,52,0,-704
2024-06-10 14:46:43,931,6499,1828,781,660,989,6179,939,49,0,320
2024-06-09 20:26:22,958,6001,2294,1117,684,1165,6297,30,48,0,-296
2024-06-09 08:55:22,840,4828,1226,587,683,28,3876,464,49,0,952
2024-06-08 21:25:46,905,6527,2382,773,688,366,5167,3,50,0,1360
2024-06-08 09:55:28,739,5403,1602,695,682,121,4725,837,48,0,678
2024-06-07 22:25:22,1020,6890,2508,1153,676,787,6195,-1,53,0,695
2024-06-07 08:59:49,1020,6326,1939,784,671,-5,5086,624,55,0,1240
2024-06-06 21:29:31,1073,7193,2661,1173,667,79,5709,0,56,0,1484
2024-06-06 09:59:22,978,5973,1868,1056,640,55,5499,849,52,0,473
2024-06-05 22:29:22,1086,6836,2758,1209,687,104,5895,-1,52,0,941
2024-06-05 10:59:36,949,5877,1930,831,685,273,5618,902,48,0,259
2024-06-04 23:29:22,945,5983,2591,1206,679,158,5628,-2,51,0,354
2024-06-04 12:00:22,904,5873,1929,851,659,531,5806,883,49,0,67
2024-06-04 00:30:40,927,5472,2588,1180,684,578,6003,-2,47,0,-531
2024-06-03 11:41:04,741,5560,1920,843,670,11,5249,1030,43,0,311
2024-06-03 00:08:27,786,4928,1977,730,692,933,5152,-2,36,0,-223
2024-06-02 12:38:09,755,4061,1200,655,693,697,4962,917,45,0,-900
2024-06-02 01:08:03,886,4929,1687,752,694,718,4783,-2,49,0,145
2024-06-01 13:38:32,764,4603,1304,623,692,297,4616,889,48,0,-13
2024-06-01 01:56:26,924,5124,1745,736,690,1015,5157,-2,49,0,-33
2024-05-31 14:08:26,866,5533,1632,691,683,400,5169,848,49,0,364
2024-05-31 02:29:17,984,5110,1490,754,695,659,4631,-2,50,0,479
2024-05-30 14:59:02,984,5631,1560,594,661,108,4710,750,54,0,921
2024-05-30 00:55:17,1016,5328,2045,736,688,137,4663,-2,43,0,665
2024-05-29 13:18:06,951,5920,1485,579,669,231,4592,636,41,0,1328
2024-05-29 01:38:02,985,5302,1867,354,679,111,4040,-2,46,0,1262
2024-05-28 13:59:02,972,5861,1610,322,685,93,4487,750,54,0,1374
2024-05-28 02:25:02,943,5125,1610,359,687,396,4043,-2,50,0,1082
2024-05-27 14:55:16,1042,5808,1702,277,686,911,5439,761,55,0,369
2024-05-27 03:17:06,975,4562,1372,270,685,779,4130,-2,52,0,432
2024-05-26 15:47:02,630,3919,1051,216,686,610,4275,1028,53,0,-355
2024-05-26 04:17:29,730,4730,1817,284,685,474,4041,-1,53,0,689
2024-05-25 16:47:11,739,5121,1465,245,689,1762,5675,725,50,0,-554
2024-05-25 05:17:02,850,4954,1424,244,685,1535,4791,-2,54,0,164
2024-05-24 17:47:02,1040,6114,1678,299,683,1823,6060,480,56,0,54
2024-05-24 05:59:02,908,5319,1499,242,680,1269,4657,3,55,0,662
2024-05-23 18:29:16,1033,6292,1987,295,678,184,4490,258,54,0,1802
2024-05-23 06:55:02,1022,5836,1600,267,687,92,3756,40,49,0,2079
2024-05-22 19:17:02,982,6482,2169,637,675,211,4837,112,52,0,1645
2024-05-22 07:25:02,977,6124,1729,637,695,298,4476,89,52,0,1648
2024-05-21 19:55:02,1017,6460,2256,661,690,466,5204,58,52,0,1256
2024-05-21 08:25:19,906,5928,1512,626,687,362,4617,470,53,0,1311
2024-05-20 20:55:02,1003,6956,2412,666,675,382,5194,3,53,0,1762
2024-05-20 09:26:02,575,5978,1204,649,677,649,4289,478,56,0,1689
2024-05-19 21:55:24,622,6033,2531,698,685,789,5375,-2,53,0,657
2024-05-19 10:25:06,670,4453,1485,240,811,372,4275,645,50,0,178
2024-05-18 22:56:02,655,5990,2507,303,1364,654,5533,-1,52,0,457
2024-05-18 08:25:32,659,5748,2133,316,1367,486,5212,209,42,0,535
2024-05-17 10:29:02,775,6385,1861,651,1314,560,5747,538,48,0,639
2024-05-16 16:26:12,770,5592,1710,644,1312,269,5581,827,48,0,10
2024-05-16 04:55:02,887,5343,1493,623,1360,193,4599,-3,45,0,744
2024-05-15 17:25:02,721,5947,1999,639,1344,329,5572,495,45,0,374
2024-05-15 05:55:18,715,5494,1582,663,1366,408,4782,0,47,0,713
2024-05-14 18:16:09,605,6003,2163,648,1320,630,5841,427,49,0,161
2024-05-14 06:46:02,612,5632,1458,631,1360,897,5044,37,49,0,588
2024-05-13 19:16:32,544,6279,2174,627,1356,61,4953,145,48,0,1325
2024-05-13 07:08:02,536,5792,1755,209,1363,476,4461,64,59,0,1331
2024-05-12 13:56:22,519,4393,1046,196,1367,396,4241,661,57,0,152
2024-05-12 02:17:13,637,4801,1479,221,1355,997,4744,-2,57,0,57
2024-05-11 14:29:13,612,4813,1743,210,1362,217,5141,939,57,0,-327
2024-05-11 02:59:02,626,5113,1649,233,1354,534,4450,-2,56,0,663
2024-05-10 15:29:02,427,5110,1231,230,1331,940,5157,939,58,0,-48
2024-05-10 03:17:17,544,5214,1611,289,1354,651,4500,-2,55,0,713
2024-05-09 08:56:40,648,6673,2325,290,1351,768,5566,133,51,0,1108
2024-05-08 21:25:23,630,7078,2971,449,1339,575,6013,-2,51,0,1065
2024-05-08 09:56:17,646,6273,2383,442,1314,948,6226,440,54,0,48
2024-05-07 18:37:38,592,5878,2037,390,1203,630,5095,199,44,0,783
2024-05-07 06:59:28,462,4741,1663,374,975,543,4106,47,42,0,635
2024-05-06 19:25:17,499,4629,2372,392,665,1215,5282,97,42,0,-654
2024-05-06 07:55:17,443,3742,1551,369,663,898,4197,230,43,0,-455
2024-05-05 20:16:46,418,4518,1699,372,664,990,4197,11,44,0,321
2024-05-05 08:29:45,459,3676,1810,379,669,8,3716,350,42,0,-41
2024-05-04 20:59:27,526,5984,2463,392,670,1449,5545,-1,47,0,439
2024-05-04 09:29:17,483,4816,2462,436,669,713,5270,463,45,0,-455
2024-05-03 21:59:16,510,5995,2618,447,671,107,4397,-2,47,0,1598
2024-05-03 10:29:32,424,4823,2073,365,672,60,4132,493,46,0,691
2024-05-02 22:55:18,479,5771,2467,391,660,256,4293,-2,44,0,1478
2024-05-02 10:59:26,426,5036,1686,373,636,881,4673,623,48,0,363
2024-05-01 23:29:16,558,5393,2671,423,672,580,4948,-2,47,0,444
2024-05-01 11:57:16,396,4656,1324,359,673,878,4642,969,44,0,13
2024-05-01 00:26:34,551,5390,1886,387,764,1633,5268,-2,50,0,122
2024-04-30 12:55:17,591,5767,2147,419,1342,2296,7567,712,53,0,-1800
2024-04-30 01:25:16,663,5196,2217,440,1353,1467,6190,-2,50,0,-994
2024-04-29 13:55:40,503,5378,1448,393,1273,1714,6445,1059,55,0,-1068
2024-04-29 02:25:22,654,4667,1844,424,1381,736,5090,-2,52,0,-423
2024-04-28 14:55:16,467,3722,482,345,1386,363,4032,936,46,0,-311
2024-04-28 03:25:45,626,4728,1777,417,1390,653,4914,-2,53,0,-186
2024-04-27 15:56:26,493,4882,1397,348,1365,82,4521,784,52,0,361
2024-04-27 04:26:16,659,5218,1692,462,1382,19,4263,-2,52,0,955
2024-04-26 16:55:16,611,5687,1815,381,1316,294,5200,724,52,0,487
2024-04-26 05:25:32,741,5517,1745,429,1379,862,5209,-2,55,0,308
2024-04-25 17:55:16,729,6705,1973,397,1318,336,5056,249,53,0,1649
2024-04-25 06:25:16,727,5842,1657,396,1386,213,4432,-1,54,0,1410
2024-04-24 18:55:37,654,6626,2450,406,1373,653,5762,173,54,0,864
2024-04-24 07:25:19,744,6764,2299,474,1385,1149,6135,25,54,0,630
2024-04-23 19:56:15,818,7364,2374,467,1389,1797,6900,0,55,0,465
2024-04-23 08:25:42,813,6919,2422,483,1397,363,5725,191,57,0,1194
2024-04-22 20:56:23,730,7482,2960,481,1358,127,5710,-1,56,0,1771
2024-04-22 09:25:15,646,7354,3526,477,1349,316,6546,171,56,0,808
2024-04-21 21:56:15,787,6078,2309,469,1383,920,5928,-1,61,0,150
2024-04-21 10:25:29,559,4295,1294,388,1383,451,5033,889,62,0,-738
2024-04-20 22:54:15,601,6011,2079,414,1377,1998,6527,-2,63,0,-516
2024-04-20 11:25:14,636,5094,1794,379,1386,1503,6716,967,51,0,-1621
2024-04-19 23:55:34,739,5776,2336,432,1373,272,5200,-2,50,0,576
2024-04-19 12:25:16,629,5812,2009,418,1330,6,5314,870,51,0,498
2024-04-19 00:55:14,612,5503,2042,432,1375,842,5352,-2,51,0,151
2024-04-18 13:25:39,580,6534,1814,415,1349,1264,6040,567,51,0,495
2024-04-18 01:57:19,749,5213,2476,462,1369,308,5412,-2,51,0,-200
2024-04-17 14:25:14,745,6684,1997,466,1367,1076,6011,308,52,0,673
2024-04-17 02:56:43,746,5210,1814,431,1376,1632,6048,-2,50,0,-838
2024-04-16 15:25:26,783,5955,2276,428,1366,1277,6758,572,54,0,-803
2024-04-16 03:55:14,715,4985,1393,416,1366,962,4903,0,51,0,82
2024-04-15 16:25:14,704,5674,2254,434,1335,975,6580,821,55,0,-906
2024-04-15 04:55:31,659,4750,1751,407,1381,423,4681,-2,51,0,69
2024-04-14 17:26:14,433,4816,1271,339,1386,516,4446,450,49,0,371
2024-04-14 05:55:14,467,4735,1507,373,1386,149,3932,-3,49,0,803
2024-04-13 18:26:35,584,5560,1592,362,1388,83,4294,237,46,0,1266
2024-04-13 06:56:17,552,5024,1522,414,1385,407,4335,6,48,0,689
2024-04-12 19:25:14,692,6522,2566,455,1367,526,5714,48,60,0,808
2024-04-12 07:55:41,671,6261,2311,532,1389,1529,6624,131,61,0,-363
2024-04-11 20:24:24,682,7016,2739,556,1361,667,6062,-1,58,0,954
2024-04-11 07:55:14,502,6261,2145,474,1383,1618,6337,156,59,0,-76
2024-04-10 20:17:14,645,6923,2669,480,1373,111,5338,-1,61,0,1586
2024-04-10 08:38:14,504,6376,2384,468,1377,330,5515,386,66,0,861
2024-04-09 21:08:28,574,7024,2552,476,1374,488,5528,-1,64,0,1496
2024-04-09 09:29:19,503,6079,2164,486,1358,113,5339,647,68,0,740
2024-04-08 21:59:14,620,6715,2509,508,1361,222,5281,-1,62,0,1434
2024-04-08 10:08:14,500,5898,2066,489,1379,59,5390,835,61,0,508
2024-04-07 22:17:14,655,5783,2475,507,1384,51,5132,-2,62,0,651
2024-04-07 10:30:14,472,4198,1201,447,1389,816,5074,687,62,0,-875
2024-04-06 21:17:32,781,6577,2591,516,1389,564,5892,-1,64,0,685
2024-04-06 00:59:14,623,5338,2145,506,1375,169,4879,-2,63,0,459
2024-04-05 07:08:20,621,6222,2463,573,1381,357,5464,6,62,0,758
2024-04-04 19:38:14,642,6816,2760,603,1358,311,5737,5,58,0,1080
2024-04-04 07:29:22,628,6467,2609,564,1394,223,5500,17,66,0,967
2024-04-03 19:59:13,568,6974,2750,567,1381,1018,6353,-2,66,0,621
2024-04-03 08:25:12,530,6457,2374,579,1394,818,6004,241,69,0,454
2024-04-02 20:55:31,578,7197,2807,593,1394,2129,7566,0,64,0,-369
2024-04-02 08:59:39,535,6498,2356,561,1394,1025,6199,259,69,0,299
2024-04-01 21:29:21,623,6846,2436,575,1366,983,6046,-1,64,0,799
2024-04-01 09:59:12,530,5995,2129,571,1312,152,5328,569,65,0,667
2024-03-31 22:29:11,638,5605,2135,650,1394,870,5755,-2,66,0,-151
2024-03-31 04:29:30,544,4712,1730,1029,1395,764,5525,0,65,0,-813
2024-03-30 15:08:36,497,4704,1020,987,1392,1485,6354,906,66,0,-1650
2024-03-30 01:25:33,453,5307,1704,1159,1395,391,5166,-2,66,0,141
2024-03-29 11:16:56,522,5298,1207,1008,1366,1104,6403,1130,66,0,-1105
2024-03-28 23:47:37,633,5824,2224,1380,1378,711,6390,-2,66,0,-566
2024-03-28 12:17:28,609,5976,1563,1227,1327,1465,6955,694,70,0,-978
2024-03-28 00:46:29,641,5694,1723,1653,1388,2048,7520,-2,68,0,-1827
2024-03-27 13:17:42,531,6227,1405,1245,1373,2340,7763,799,70,0,-1536
2024-03-27 01:46:28,648,5502,1733,1611,1388,1020,6464,-2,66,0,-962
2024-03-26 14:17:28,555,5754,1871,1302,1387,465,6703,1055,68,0,-950
2024-03-26 02:47:47,637,5656,1819,1622,1373,2303,7821,-1,68,0,-2165
2024-03-25 15:16:30,523,6287,1498,1479,1347,2523,8107,669,68,0,-1820
2024-03-25 03:46:28,555,5030,1581,1636,1396,1665,6898,-2,67,0,-1868
2024-03-24 16:08:28,552,5211,1044,1106,1398,885,5444,395,65,0,-233
2024-03-24 04:38:43,646,4934,1952,1229,1401,997,6288,-3,67,0,-1354
2024-03-23 17:07:28,659,5874,1902,1150,1394,589,6047,293,66,0,-173
2024-03-23 05:38:28,761,5543,1732,1267,1383,179,5386,-2,65,0,157
2024-03-22 18:08:48,839,7010,2672,1645,1370,62,6661,39,35,0,349
2024-03-22 06:38:30,787,6418,1810,1613,1392,515,6193,10,65,0,225
2024-03-21 19:08:27,882,7842,2646,1680,1362,478,7114,0,66,0,728
2024-03-21 07:38:53,876,7234,2490,1695,1401,340,7012,144,67,0,222
2024-03-20 20:08:35,863,7853,2855,1684,1380,598,7447,-1,68,0,406
2024-03-20 08:39:27,659,7332,2111,1602,1401,1706,7989,445,65,0,-657
2024-03-19 21:08:27,865,7614,2848,1711,1381,255,7126,-1,65,0,488
2024-03-19 09:38:40,781,7512,2359,1635,1319,1058,7593,376,65,0,-81
2024-03-18 20:56:35,752,7459,2613,1644,1371,263,6708,-1,66,0,751
2024-03-18 09:25:27,672,7149,2236,1609,1316,486,6886,504,63,0,263
2024-03-17 21:55:27,726,6170,2307,1201,1401,880,6580,-1,67,0,-410
2024-03-17 10:25:41,671,5194,2086,1184,1399,217,6167,552,59,0,-973
2024-03-16 22:55:27,738,6050,2412,1666,1395,127,6395,-1,57,0,-344
2024-03-16 11:25:27,667,5495,1929,1567,1388,28,6437,802,57,0,-942
2024-03-15 23:55:46,712,6104,2560,1663,1374,61,6425,-1,57,0,-321
2024-03-15 12:25:28,760,7094,2032,1575,1344,540,6768,458,58,0,326
2024-03-15 00:56:27,766,5839,1523,1709,1379,485,5917,-2,57,0,-78
2024-03-14 13:25:51,783,7435,2033,1656,1357,869,7054,299,57,0,381
2024-03-14 01:55:33,788,5746,1587,1580,1386,983,6381,-1,59,0,-636
2024-03-13 14:25:27,867,7473,2255,1683,1355,232,6658,209,56,0,816
2024-03-13 02:55:56,786,5631,1433,1597,1394,163,5420,-1,48,0,211
2024-03-12 15:27:36,859,7145,1936,1666,1387,1858,7994,240,48,0,-849
2024-03-12 03:55:27,814,5473,1245,1621,1383,2288,7398,-1,48,0,-1925
2024-03-11 16:25:27,879,7280,2070,1320,1334,2644,8393,106,40,0,-1114
2024-03-11 04:55:43,722,5255,1126,1189,1400,1626,6089,-1,28,0,-834
2024-03-10 17:26:27,705,5742,1504,1206,1403,1351,6271,74,28,0,-529
2024-03-10 05:55:27,714,5304,1440,1240,1399,396,5215,-2,28,0,88
2024-03-09 18:26:47,729,6734,2351,1284,1397,82,5879,-1,36,0,855
2024-03-09 06:55:29,756,5873,1387,1249,1401,173,5015,1,36,0,857
2024-03-08 19:24:27,754,7896,2622,1736,1379,29,6558,-1,39,0,1337
2024-03-08 07:55:53,762,7262,2413,1728,1402,618,7007,45,38,0,255
2024-03-07 20:27:33,754,7829,3019,1751,1378,345,7306,1,58,0,523
2024-03-07 08:55:27,661,7715,2459,1709,1378,518,6990,208,57,0,725
2024-03-06 21:24:27,758,7387,2534,1727,1373,112,6563,-1,59,0,824
2024-03-06 09:37:27,749,7529,2374,1735,1380,205,6710,212,55,0,820
2024-03-05 21:26:27,738,7303,2709,1719,1375,437,7035,-1,57,0,268
2024-03-05 09:55:27,662,7205,2307,1633,1064,872,6938,346,55,0,266
2024-03-04 22:25:46,770,6534,2325,1643,1364,946,7095,-1,48,0,-561
2024-03-04 10:54:29,535,6303,1781,1591,1332,326,6553,926,57,0,-250
2024-03-03 23:17:27,560,5740,1830,1638,1385,192,5655,-2,51,0,85
2024-03-03 10:59:48,540,5243,1543,1120,1384,-4,5189,546,53,0,54
2024-03-02 23:29:30,544,5721,1858,1195,1372,630,5649,-2,53,0,73
2024-03-02 11:59:27,543,6121,1755,1169,1324,575,5894,474,54,0,227
2024-03-02 00:29:53,569,5822,1171,1630,1383,1889,6694,-1,54,0,-872
2024-03-01 12:59:36,642,7219,2745,1650,1333,773,7451,253,55,0,-232
2024-03-01 01:29:27,668,5774,1576,1670,1384,846,6199,-1,56,0,-425
2024-02-29 13:59:27,903,7121,2477,1669,1361,469,7213,277,57,0,-92
2024-02-29 02:29:41,854,5516,1491,1659,1400,401,5859,-2,56,0,-343
2024-02-28 14:55:27,749,6039,1655,1642,1399,157,6444,779,56,0,-405
2024-02-28 03:26:27,873,5439,1480,1614,1392,130,5545,-1,58,0,-105
2024-02-27 15:55:50,788,6196,1880,1543,1373,219,6435,567,59,0,-238
2024-02-27 04:25:32,881,5509,1465,1668,1395,195,5659,-2,57,0,-149
2024-02-26 16:55:27,799,6699,2039,1637,1339,1371,7364,127,52,0,-665
2024-02-26 05:25:55,728,5138,1351,1655,1401,1423,6612,-1,55,0,-1474
2024-02-25 17:55:37,897,6021,1939,1654,1404,971,6922,3,51,0,-901
2024-02-25 06:26:27,870,5089,1614,1674,1389,524,6122,-1,52,0,-1033
2024-02-24 18:55:27,898,7062,2373,1664,1396,950,7334,-1,53,0,-272
2024-02-24 07:26:41,859,5914,2200,1683,1386,665,6864,17,55,0,-950
2024-02-23 19:56:27,891,7632,2520,1666,1390,1390,7910,0,55,0,-278
2024-02-23 08:26:27,842,7197,2461,1675,1384,942,7537,178,55,0,-340
2024-02-22 20:56:46,753,7567,2445,1674,1366,2002,8293,-1,54,0,-726
2024-02-22 09:26:28,768,7355,2198,1717,1358,122,6688,470,55,0,667
2024-02-21 21:56:27,874,7134,2624,1739,1382,124,6798,-1,55,0,336
2024-02-21 10:25:52,759,7423,2351,1693,1321,154,6609,273,59,0,814
2024-02-20 22:55:34,724,6424,2359,1691,1368,504,6701,-1,57,0,-278
2024-02-20 11:26:27,731,6925,2251,1661,1351,178,6782,553,58,0,142
2024-02-19 23:56:55,844,6095,2673,1637,1358,232,6796,-2,54,0,-701
2024-02-19 12:25:38,883,7064,2101,1526,1318,36,6547,629,55,0,517
2024-02-19 00:55:27,727,5287,1951,1505,1402,998,6649,-2,53,0,-1361
2024-02-18 13:25:27,875,5576,2290,1471,1394,366,7028,577,55,0,-1452
2024-02-17 15:26:27,848,5970,2308,1512,1398,12,6521,389,54,0,-551
2024-02-17 03:56:27,735,5452,2136,1497,1396,214,6034,-2,57,0,-582
2024-02-16 16:25:47,748,6666,2143,1479,1384,839,6987,338,56,0,-321
2024-02-16 04:55:29,709,5761,2110,1481,1390,1663,7407,-1,56,0,-1646
2024-02-15 17:26:27,793,7250,2352,1509,1376,2188,8302,27,58,0,-1052
2024-02-15 05:54:53,749,6061,2272,1478,1392,2535,8483,-1,59,0,-2422
2024-02-14 18:25:34,731,7858,2704,1505,1368,2530,8897,-1,60,0,-1039
2024-02-14 06:55:27,768,6658,1984,1493,1395,1919,7614,-1,56,0,-956
2024-02-13 19:25:27,886,7767,2960,1521,1364,498,7288,0,59,0,479
2024-02-13 01:25:27,853,5517,1575,1488,1377,602,5950,-1,57,0,-432
2024-02-12 13:56:56,857,7274,2272,1471,1359,2504,8749,229,56,0,-1475
2024-02-12 02:26:38,730,4918,1401,1478,1395,2252,7306,-1,52,0,-2388
2024-02-11 14:56:27,833,5343,1671,1471,1392,2383,8060,249,54,0,-2717
2024-02-11 03:25:27,707,4875,1465,1448,1393,1464,6528,-1,53,0,-1652
2024-02-10 15:55:44,741,6065,2104,1475,1385,811,6696,127,53,0,-631
2024-02-10 04:26:27,764,5394,1799,1503,1394,842,6356,-1,55,0,-961
2024-02-09 16:55:27,785,7046,2445,1487,1382,1384,7595,57,56,0,-549
2024-02-09 05:26:48,729,5689,1637,1495,1396,2073,7386,-1,58,0,-1697
2024-02-08 17:55:31,754,7443,2628,1498,1343,1263,7546,-1,59,0,-103
2024-02-08 06:26:27,743,6276,2177,1508,1394,1129,7007,-1,56,0,-731
2024-02-07 18:56:53,717,7826,2250,1507,1390,2560,8482,-1,59,0,-656
2024-02-07 07:25:36,745,7104,2188,1510,1399,1811,7710,-1,57,0,-607
2024-02-06 19:55:27,793,7790,2570,1567,1393,2095,8475,-1,58,0,-685
2024-02-06 08:26:27,845,7597,2124,1536,1394,2187,8241,99,57,0,-644
2024-02-05 20:56:41,952,7520,2253,1634,1378,2134,8395,-1,60,0,-875
2024-02-05 09:25:27,938,7849,2139,1598,1299,1840,8183,311,58,0,-335
2024-02-04 21:55:27,923,6478,2138,1663,1401,1539,7719,-1,57,0,-1241
2024-02-04 10:25:46,910,6058,1924,776,1400,1042,6299,189,58,0,-241
2024-02-03 22:55:28,792,6285,1662,1627,1394,1895,7434,-1,65,0,-1149
2024-02-03 11:27:27,789,6956,1935,1554,1394,2021,8333,575,65,0,-1377
2024-02-02 23:55:51,877,6272,1911,1789,1380,387,6407,-1,65,0,-135
2024-02-02 12:25:33,1032,7666,2349,1803,1318,582,7356,207,66,0,309
2024-02-02 00:57:27,905,6153,1863,1829,1374,678,6720,-1,69,0,-567
2024-02-01 13:16:14,942,7287,1635,1827,1382,517,7055,683,69,0,232
2024-02-01 01:47:14,975,6188,1469,1838,1397,118,5862,-1,67,0,326
2024-01-31 06:16:38,933,6930,1719,1852,1396,212,6182,-1,70,0,748
2024-01-30 11:59:14,885,6908,1842,1798,1365,438,7162,766,68,0,-254
2024-01-29 16:59:33,995,7381,2446,1843,1335,1042,7769,35,68,0,-388
2024-01-29 05:26:18,849,5768,1551,1756,1400,1665,7290,-1,70,0,-1521
2024-01-28 17:55:14,884,7055,2040,1476,1402,2061,7925,-1,63,0,-870
2024-01-28 06:25:42,857,5559,1749,1855,1399,658,6579,-2,62,0,-1020
2024-01-27 18:56:23,863,7688,2231,1822,1399,1501,7879,-1,61,0,-191
2024-01-27 07:25:14,875,6371,2270,1821,1393,94,6512,-1,60,0,-140
2024-01-26 19:55:14,846,7910,2834,1847,1377,839,7804,-1,62,0,106
2024-01-26 08:25:29,847,7847,2517,1858,1399,968,7691,42,61,0,156
2024-01-25 20:56:14,811,7724,2416,1848,1373,1582,8089,-1,61,0,-365
2024-01-25 09:25:14,963,8214,2610,1881,1313,900,7890,163,60,0,324
2024-01-24 21:55:34,938,7161,2461,1838,1394,2020,8708,-1,60,0,-1547
2024-01-24 10:25:16,957,7949,2903,1915,1399,276,7757,246,59,0,192
2024-01-23 22:55:14,933,6995,2249,1899,1373,208,6723,-1,62,0,272
2024-01-23 11:26:38,970,8363,2921,1883,1336,555,8006,281,61,0,357
2024-01-22 23:55:21,913,6587,2531,1873,1364,369,7107,-2,59,0,-521
2024-01-22 12:25:14,925,7984,2643,1887,1297,137,7331,386,55,0,653
2024-01-22 00:55:44,861,5853,1570,1799,1380,625,6294,-1,60,0,-441
2024-01-21 13:17:34,858,6130,2387,1816,1388,431,7347,400,58,0,-1218
2024-01-21 01:29:34,863,5840,1682,1713,1381,547,6245,-1,60,0,-405
2024-01-20 13:38:37,832,7147,2028,1742,1382,1858,8159,259,57,0,-1012
2024-01-20 02:08:19,898,5937,1744,1712,1377,2121,7910,-1,57,0,-1973
2024-01-19 14:39:14,879,7657,2533,1778,1337,541,7249,133,47,0,407
2024-01-19 03:08:42,873,5798,1394,1709,1386,1866,7285,-1,59,0,-1487
2024-01-18 15:37:25,887,7611,2022,1762,1361,978,7159,91,57,0,452
2024-01-18 03:59:15,900,5783,1368,1718,1397,1281,6721,-1,58,0,-938
2024-01-17 16:29:14,881,7863,2349,1875,1352,1083,7622,22,59,0,241
2024-01-17 04:59:38,893,6139,1346,1741,1398,107,5545,-1,60,0,594
2024-01-16 17:30:19,866,8206,2089,1819,1401,839,7061,-1,60,0,1145
2024-01-16 06:00:14,904,6334,1417,1771,1404,742,6296,-1,59,0,38
2024-01-15 18:29:43,889,8384,2475,1859,1375,1412,8070,0,60,0,314
2024-01-15 06:59:25,900,7160,1884,1854,1399,678,6776,-1,62,0,384
2024-01-14 19:30:14,976,7272,2446,1853,1394,1214,7942,-1,60,0,-671
2024-01-14 07:59:14,868,6182,1866,1853,1400,1446,7495,1,60,0,-1313
2024-01-13 20:29:30,946,7614,1956,1860,1403,1334,7561,-1,62,0,54
2024-01-13 08:59:14,915,7342,1925,1864,1402,1229,7485,88,62,0,-144
2024-01-12 16:29:14,960,8064,1905,1844,1385,1288,7476,34,60,0,589
2024-01-12 03:30:13,974,6009,1473,1862,1398,774,6536,-1,56,0,-527
2024-01-11 15:59:13,934,7790,1793,1835,1333,1397,7532,186,53,0,258
2024-01-11 04:29:35,936,6235,1267,1853,1392,1053,6556,-1,58,0,-322
2024-01-10 16:59:17,969,8174,1677,1847,1365,1471,7393,5,58,0,782
2024-01-10 05:29:20,868,6329,1332,1854,1394,1509,7012,-1,56,0,-683
2024-01-09 17:59:40,892,8537,2398,1900,1393,2294,8933,0,56,0,-396
2024-01-09 05:23:29,886,6064,1657,1789,1392,1799,7575,-1,54,0,-1511
2024-01-08 17:08:20,877,8256,2307,1854,1335,2311,8742,1,56,0,-486
2024-01-08 04:59:20,843,5310,1464,1595,1392,2349,7698,-1,56,0,-2388
2024-01-07 17:29:20,886,6664,2671,1767,1371,601,7352,-1,56,0,-688
2024-01-07 06:00:40,875,5179,1549,1612,1390,1487,6968,-1,56,0,-1789
2024-01-06 18:29:23,859,6799,2419,1732,1382,893,7339,-1,55,0,-540
2024-01-06 06:59:20,842,5522,1782,1592,1396,1566,7231,-1,54,0,-1710
2024-01-05 19:29:46,872,7573,2665,1740,1394,756,7481,-1,55,0,92
2024-01-05 07:56:31,885,6639,2132,1666,1393,1658,7789,0,55,0,-1151
2024-01-04 20:25:21,857,7285,2343,1707,1396,2360,8717,-1,56,0,-1433
2024-01-03 23:38:22,849,5835,2165,1507,1372,2074,8010,-1,43,0,-2175
2024-01-03 07:55:21,830,6134,2101,1435,1396,1230,7021,-1,31,0,-887
2024-01-02 20:24:06,872,6286,2650,1477,1391,330,6749,-1,31,0,-463
2024-01-02 08:55:05,738,5313,2216,1451,1392,242,6084,14,31,0,-771
2024-01-01 19:25:28,742,5723,2042,1430,1399,1811,7455,-1,32,0,-1732
2024-01-01 02:30:04,844,4946,868,1427,1393,1343,5905,-1,31,0,-959
2023-12-31 14:59:23,884,5411,2429,1657,1397,61,6823,362,32,0,-1412
2023-12-31 03:29:05,834,4665,1287,1584,1396,560,5691,-1,32,0,-1026
2023-12-30 15:59:03,1009,6334,2816,1611,1363,258,7141,52,32,0,-807
2023-12-29 19:25:41,1005,6983,2820,1708,1340,343,7259,0,44,0,-276
2023-12-28 15:25:20,852,6237,2143,1705,1365,602,6935,228,40,0,-698
2023-12-28 03:17:30,839,4969,1535,1686,1388,511,6004,-1,46,0,-1036
2023-12-27 15:47:12,857,5901,2013,1713,1367,345,6490,149,44,0,-589
2023-12-27 04:16:11,856,4630,1464,1598,1394,1568,6927,-2,48,0,-2297
2023-12-26 16:47:35,869,5549,1697,1596,1397,597,6204,0,49,0,-656
2023-12-26 05:17:17,820,4659,1185,1446,1390,795,5682,-1,48,0,-1023
2023-12-25 17:46:10,1045,5826,2121,1777,1396,1497,7884,-1,49,0,-2058
2023-12-25 05:08:10,818,4692,1106,1391,1391,915,5664,-1,44,0,-972
2023-12-24 17:38:32,1079,6906,1954,1844,1392,478,6788,-1,38,0,119
2023-12-24 06:08:14,1014,5288,1250,1759,1396,986,6449,-1,46,0,-1161
2023-12-23 18:38:10,1057,7738,3507,1887,1391,587,8474,-1,47,0,-736
2023-12-23 07:08:37,1020,5878,1571,1792,1399,1507,7321,0,31,0,-1443
2023-12-22 19:37:20,1021,7786,2663,1910,1375,1452,8449,0,29,0,-663
2023-12-22 08:08:10,826,7252,2212,1849,1392,1907,8226,1,33,0,-974
2023-12-21 20:38:10,862,7832,2096,1887,1383,578,6845,0,40,0,986
2023-12-21 09:08:24,907,8006,2108,1858,1396,960,7349,77,43,0,657
2023-12-20 21:38:10,975,7508,2259,1874,1390,973,7509,-1,40,0,-1
2023-12-20 10:08:10,1065,8003,2167,1876,1342,342,7068,238,40,0,935
2023-12-19 22:38:29,1019,6981,2137,1868,1391,297,6750,-1,39,0,231
2023-12-19 11:08:11,885,7506,1890,1859,1386,66,6705,580,38,0,801
2023-12-18 23:38:10,797,6455,1853,1789,1375,1283,7134,-1,39,0,-679
2023-12-18 12:08:34,671,7437,1870,1426,1298,1054,6928,562,47,0,509
2023-12-18 00:38:16,749,5750,1833,1463,1396,930,6426,-1,56,0,-677
2023-12-17 13:08:10,741,6182,1710,1000,1400,1337,6625,381,56,0,-443
2023-12-17 01:38:39,666,5593,1591,1430,1394,593,5733,-1,59,0,-140
2023-12-16 13:55:34,765,6705,2018,1828,1395,613,6929,252,59,0,-224
2023-12-16 02:25:16,771,5821,1633,1807,1394,1752,7416,-1,61,0,-1595
2023-12-15 14:55:09,1004,7770,2138,1946,1369,1110,7681,56,57,0,89
2023-12-15 03:26:38,1009,5714,1835,1823,1392,1007,7121,0,56,0,-1407
2023-12-14 15:56:20,975,7937,2002,1754,1336,1867,8002,10,58,0,-66
2023-12-14 04:25:09,1072,5900,1753,1706,1393,757,6734,-1,54,0,-834
2023-12-13 16:38:09,991,8200,1804,1732,1370,2265,8204,-1,43,0,-4
2023-12-13 04:59:09,1065,6085,1557,1789,1394,90,5937,-1,42,0,149
2023-12-12 17:29:34,1181,8418,2057,1799,1382,438,6912,-1,56,0,1507
2023-12-12 05:46:29,1140,6259,1448,1733,1391,440,6199,-1,49,0,59
2023-12-11 18:16:11,1349,8448,2580,1797,1370,165,7317,0,57,0,1131
2023-12-11 06:47:09,1093,6831,1863,1782,1392,65,6231,-1,36,0,600
2023-12-10 19:16:34,1075,7302,2606,1805,1390,9,6941,-1,56,0,361
2023-12-10 07:46:16,1073,5946,1987,1780,1394,31,6326,-1,61,0,-380
2023-12-09 20:16:09,994,7562,2306,1782,1394,648,7181,-1,59,0,381
2023-12-09 08:47:38,959,7150,2170,1805,1400,1126,7525,10,57,0,-375
2023-12-08 21:17:20,1058,7695,2570,1800,1379,1411,8277,-1,60,0,-582
2023-12-08 09:17:32,1057,8540,2765,1815,1304,1025,8056,29,60,0,483
2023-12-07 21:47:14,952,7493,2295,1745,1372,1074,7497,0,58,0,-4
2023-12-07 10:16:09,1077,8658,1996,1719,1352,1698,7949,47,60,0,709
2023-12-06 22:46:37,1004,6922,2079,1750,1372,1966,8237,0,60,0,-1314
2023-12-06 11:16:19,1077,7704,2414,1729,1328,832,7636,202,54,0,69
2023-12-05 23:38:09,1071,6605,2160,1737,1380,330,6731,-1,54,0,-126
2023-12-05 11:59:08,965,8174,1973,1766,1337,1347,7609,168,52,0,564
2023-12-05 00:30:08,1040,6140,1815,1774,1386,297,6363,-1,51,0,-223
2023-12-04 12:59:23,1092,7677,2113,1774,1395,50,6794,317,50,0,882
2023-12-04 01:29:08,957,5322,1725,1703,1393,763,6591,-1,51,0,-1269
2023-12-03 13:59:08,1074,6018,1889,1694,1397,393,6591,71,46,0,-572
2023-12-03 02:29:28,933,4958,1497,1618,1395,1651,7137,-1,43,0,-2179
2023-12-02 15:00:09,1068,6289,1899,1749,1399,850,7059,79,49,0,-770
2023-12-02 03:29:08,1070,5062,1655,1700,1392,1002,6868,-1,49,0,-1806
2023-12-01 15:59:33,1057,6667,1708,1743,1396,1662,7626,21,40,0,-959
2023-12-01 04:29:15,1066,5332,1345,1686,1397,1564,7098,-1,40,0,-1765
2023-11-30 16:59:08,956,7174,2024,1820,1381,363,6596,0,53,0,578
2023-11-29 07:59:30,1001,7614,1858,1755,1380,1511,7573,13,53,0,42
2023-11-28 20:29:12,895,7850,2046,1743,1357,1524,7619,0,54,0,231
2023-11-28 08:59:11,1003,8045,2231,1755,1371,909,7377,56,51,0,668
2023-11-27 21:25:39,1031,7459,1992,1753,1354,702,6883,0,50,0,576
2023-11-27 09:55:21,972,7664,1857,1701,1242,554,6721,346,50,0,944
2023-11-26 22:25:11,1025,6004,2122,1667,1125,583,6564,-1,43,0,-560
2023-11-26 10:55:11,955,5849,2958,1544,686,324,6675,166,41,0,-826
2023-11-25 23:26:25,1009,6033,1683,1562,732,2616,7645,-1,42,0,-1612
2023-11-25 11:55:11,888,7083,1517,1603,670,1810,6622,92,42,0,461
2023-11-25 00:25:11,907,5834,1762,1663,676,53,5103,-1,42,0,732
2023-11-24 12:56:30,1018,7482,1984,1688,651,1541,7059,125,52,0,423
2023-11-24 01:25:13,1009,5796,1353,1580,671,2347,7008,-1,49,0,-1213
2023-11-23 13:55:11,883,7271,1633,1663,633,1257,6412,290,53,0,859
2023-11-23 02:25:36,1068,5576,1457,1566,679,1199,6021,-1,53,0,-445
2023-11-22 14:56:17,998,7469,1574,1525,638,1168,6069,109,58,0,1400
2023-11-22 03:26:11,1042,5428,1398,1427,681,320,4918,-1,51,0,511
2023-11-21 15:55:11,1123,7059,1969,1552,679,30,5457,45,55,0,1602
2023-11-21 04:25:23,1047,5442,1336,1442,683,419,4980,-1,54,0,461
2023-11-20 16:56:11,1178,7809,2434,1558,977,148,6357,1,60,0,1452
2023-11-20 02:17:11,946,4962,1271,1414,1369,571,5620,-1,50,0,-659
2023-11-19 14:47:39,954,5625,1727,1296,713,2069,7111,300,53,0,-1486
2023-11-18 19:59:11,1093,7079,3842,1451,707,1232,8375,-1,51,0,-1296
2023-11-18 08:09:11,947,6216,2001,1429,1391,1322,7159,11,55,0,-942
2023-11-17 20:38:31,1052,7483,2998,1468,1384,554,7512,0,56,0,-29
2023-11-17 09:08:13,1014,7559,2065,1434,1351,724,6725,81,55,0,833
2023-11-16 21:38:12,1015,6898,2229,1438,1380,94,6216,0,60,0,682
2023-11-16 10:08:36,922,6971,1951,1404,1309,243,6287,405,52,0,684
2023-11-15 22:38:18,1056,6253,2308,1457,1394,721,6980,0,44,0,-726
2023-11-15 11:08:11,1036,7180,1800,1363,1388,79,5841,134,38,0,1339
2023-11-14 23:38:41,888,5996,1663,1446,1395,1248,6686,0,45,0,-690
2023-11-14 12:08:23,748,6797,1372,1412,1385,2048,7501,485,51,0,-704
2023-11-14 00:38:11,962,5607,1465,1422,1385,408,5688,-1,47,0,-81
2023-11-13 13:08:11,933,6517,1674,1375,1345,1,5950,570,52,0,567
2023-11-13 01:25:11,753,4844,1207,1389,1391,385,5165,-1,40,0,-321
2023-11-12 13:46:32,887,5172,1415,1335,1391,2587,8095,439,42,0,-2923
2023-11-12 02:16:14,712,4994,1430,1370,1395,2559,7504,-1,39,0,-2510
2023-11-11 14:47:11,829,6161,1691,1397,1395,679,6128,91,46,0,33
2023-11-11 03:17:36,864,5202,1169,1334,1394,1640,6445,0,44,0,-1243
2023-11-10 15:08:11,859,6826,1479,1416,1348,2379,7719,188,49,0,-893
2023-11-10 03:37:40,874,5272,1348,1325,1387,668,5642,-1,41,0,-370
2023-11-09 15:59:30,1000,6664,1831,1357,1345,42,5817,185,50,0,847
2023-11-09 03:59:10,956,5230,1588,1297,1392,1097,6373,-1,44,0,-1142
2023-11-08 16:29:24,965,6852,1348,1350,1392,1923,7043,14,51,0,-191
2023-11-08 04:38:27,1001,5283,1581,1328,1395,728,6077,0,45,0,-794
2023-11-07 17:08:10,912,6955,1637,1377,1369,535,5888,0,57,0,1067
2023-11-07 05:38:10,951,5548,1351,1368,1394,56,5169,-1,48,0,379
2023-11-06 18:08:32,739,7298,1615,1350,1347,1471,6585,5,58,0,713
2023-11-06 06:38:15,884,5707,1298,1264,1392,2249,7130,0,44,0,-1424
2023-11-05 19:08:09,935,6269,1811,1322,1388,1721,7214,0,38,0,-944
2023-11-05 07:38:38,604,4830,1071,1234,1385,1355,5722,38,37,0,-892
2023-11-04 20:08:19,826,6469,1668,1290,1388,2152,7364,0,39,0,-895
2023-11-04 08:38:09,721,5878,1578,1288,1389,1063,6102,26,37,0,-224
2023-11-03 21:08:09,839,6873,1708,1368,1376,1608,6946,0,45,0,-73
2023-11-03 09:39:23,714,6756,1590,1411,1314,1193,6494,229,42,0,262
2023-11-02 22:08:09,836,6349,1389,1430,1358,479,5535,0,44,0,814
2023-11-02 10:38:09,850,6677,1349,1357,1320,500,5677,267,35,0,1000
2023-11-01 23:08:29,846,5788,1273,1337,1383,401,5277,0,37,0,511
2023-11-01 11:38:20,840,6049,1345,1271,1185,619,5870,571,39,0,179
2023-11-01 00:09:20,729,5434,1167,1321,1389,2059,6714,0,40,0,-1279
2023-10-31 12:39:33,927,6138,1266,1307,1348,1119,6616,587,41,0,-478
2023-10-31 01:07:20,946,5151,1134,1350,1381,959,5809,-1,39,0,-658
2023-10-30 13:38:20,834,6132,1321,1312,1353,863,6344,617,43,0,-212
2023-10-30 02:08:39,730,4489,1005,1295,1379,481,4930,0,39,0,-441
2023-10-29 13:38:22,737,4403,929,479,1378,52,4298,687,37,0,105
2023-10-29 02:07:20,932,4762,1131,865,1374,202,4546,0,36,0,216
2023-10-28 14:38:47,717,5174,705,826,1376,2195,6491,633,37,0,-1317
2023-10-28 03:08:29,894,5012,1247,1261,1378,1835,6662,0,44,0,-1650
2023-10-27 15:38:20,995,6612,1729,1313,1351,828,6386,120,49,0,227
2023-10-27 04:08:20,832,5113,1153,1294,1383,1153,5871,0,49,0,-758
2023-10-26 16:38:34,745,6263,1234,1286,1321,1166,5961,160,48,0,302
2023-10-26 05:08:20,950,5252,1203,1301,1392,721,5611,0,42,0,-359
2023-10-25 17:38:20,928,6811,1248,1305,1394,1875,6853,50,52,0,-42
2023-10-25 06:08:39,913,5692,1150,1329,1397,1511,6348,0,45,0,-657
2023-10-24 18:38:21,942,7077,1436,1315,1388,260,5388,0,47,0,1689
2023-10-24 07:08:20,942,6358,1260,1339,1395,109,5092,0,47,0,1266
2023-10-23 19:38:44,943,7274,1529,1369,1391,43,5324,0,49,0,1951
2023-10-23 08:08:26,937,6698,1534,1384,1399,96,5410,11,48,0,1289
2023-10-22 20:29:20,914,6191,1435,1374,1400,575,5746,0,48,0,446
2023-10-22 08:59:20,849,5080,1001,1212,1402,1300,5881,67,49,0,-801
2023-10-21 21:24:45,875,6334,1419,1336,1397,543,5611,-1,42,0,723
2023-10-21 09:38:43,877,5805,1265,1257,1400,1232,6373,297,45,0,-568
2023-10-20 22:08:25,891,6414,1516,1383,1387,976,6203,-1,49,0,211
2023-10-20 10:39:20,889,6546,1483,1385,1377,474,6001,346,47,0,544
2023-10-19 22:59:20,839,6216,1082,1354,1390,2333,7047,0,49,0,-831
2023-10-19 11:29:39,753,6431,1238,1335,1347,1855,7059,487,45,0,-628
2023-10-18 23:46:34,871,5662,1183,1344,1389,785,5620,-1,47,0,43
2023-10-18 11:16:21,636,6173,1320,1279,1390,157,5453,621,50,0,719
2023-10-17 23:46:20,810,5791,1369,1358,1394,160,5139,0,48,0,652
2023-10-17 12:17:39,935,6154,1336,1291,1289,12,5476,564,51,0,678
2023-10-17 00:47:21,923,5462,1304,1326,1386,76,5061,0,46,0,402
2023-10-16 13:08:20,714,6121,1146,1211,1350,1965,7181,745,49,0,-1061
2023-10-16 01:38:20,913,4663,1309,1214,1389,958,5832,0,49,0,-1169
2023-10-15 13:59:44,895,4687,1076,1099,1390,545,5558,508,47,0,-872
2023-10-15 02:30:25,729,4596,1102,1121,1386,1019,5407,0,50,0,-811
2023-10-14 15:00:20,704,4548,915,1092,1388,504,5273,623,47,0,-724
2023-10-14 03:26:20,922,4953,1144,1159,1385,123,4783,0,49,0,170
2023-10-13 15:47:43,886,6106,1465,1237,1354,9,5370,360,59,0,736
2023-10-13 03:38:20,928,4938,1175,1226,1394,737,5518,-1,59,0,-579
2023-10-12 16:08:46,677,5775,986,1191,1358,1119,5908,531,46,0,-133
2023-10-12 02:38:30,940,5161,1155,1196,1394,979,5716,0,53,0,-555
2023-10-11 11:59:24,710,5910,1285,1136,1359,50,5259,664,55,0,651
2023-10-11 00:29:20,717,5220,1202,1238,1390,395,4995,0,52,0,225
2023-10-10 12:59:47,721,5778,1107,1211,1380,1334,6442,640,43,0,-664
2023-10-10 01:29:29,932,5097,1222,1271,1376,276,5119,0,41,0,-22
2023-10-09 13:59:20,920,6042,1338,1206,1333,280,5703,584,40,0,339
2023-10-09 02:29:20,800,4398,980,1195,1387,1575,5975,0,38,0,-1577
2023-10-08 14:59:34,897,4869,1464,1152,1382,1396,6679,345,41,0,-1809
2023-10-08 03:29:20,919,4462,1056,1226,1382,1557,6182,-1,43,0,-1720
2023-10-07 15:59:20,724,5139,860,1163,1381,2049,6786,559,44,0,-1647
2023-10-07 04:29:39,711,4741,1198,1260,1379,54,4647,0,45,0,94
2023-10-06 16:59:21,900,5882,1379,1185,1341,521,5650,273,50,0,232
2023-10-06 05:29:20,888,5008,1119,1232,1382,378,5047,0,48,0,-39
2023-10-05 17:59:44,892,6304,1432,1283,1365,415,5538,102,50,0,766
2023-10-05 05:29:27,583,5014,1166,1247,1386,834,5263,0,48,0,-249
2023-10-04 17:59:20,653,6259,1632,1195,1383,472,5479,98,43,0,780
2023-10-04 06:29:50,733,5501,1204,1115,1382,918,5396,0,45,0,104
2023-10-03 18:59:32,804,6418,1496,1237,1382,286,5245,0,40,0,1173
2023-10-03 07:29:20,814,6053,1389,1171,1379,80,4881,6,42,0,1172
2023-10-02 19:59:20,808,6894,1643,1223,1368,1021,6109,0,46,0,785
2023-10-02 08:17:48,824,6215,1280,1212,1385,1026,5811,39,44,0,404
2023-10-01 20:48:29,797,5827,1507,1213,1384,1700,6645,0,43,0,-818
2023-10-01 09:17:20,615,4764,1319,1153,1391,1207,6001,271,43,0,-1237
2023-09-30 21:47:20,685,5885,1383,1263,1386,326,5089,0,47,0,795
2023-09-30 10:16:36,703,5273,1097,1167,1383,1216,6165,550,48,0,-891
2023-09-29 22:47:20,1064,5853,1263,1315,1363,393,5444,0,47,0,409
2023-09-29 11:16:20,991,5873,1115,1183,1316,1244,6593,699,45,0,-720